ID#,Balance,Qual_miles,cc1_miles,cc2_miles,cc3_miles,Bonus_miles,Bonus_trans,Flight_miles_12mo,Flight_trans_12,Days_since_enroll,Award?
1,28143,0,1,1,1,174,1,0,0,7000,0
2,19244,0,1,1,1,215,2,0,0,6968,0
3,41354,0,1,1,1,4123,4,0,0,7034,0
4,14776,0,1,1,1,500,1,0,0,6952,0
5,97752,0,4,1,1,43300,26,2077,4,6935,1
6,16420,0,1,1,1,0,0,0,0,6942,0
7,84914,0,3,1,1,27482,25,0,0,6994,0
8,20856,0,1,1,1,5250,4,250,1,6938,1
9,443003,0,3,2,1,1753,43,3850,12,6948,1
10,104860,0,3,1,1,28426,28,1150,3,6931,1
11,40091,0,2,1,1,7278,10,0,0,6959,0
12,96522,0,5,1,1,61105,19,0,0,6924,1
13,43382,0,2,1,1,11150,20,0,0,6924,0
14,43097,0,1,1,1,3258,6,0,0,6918,0
15,17648,0,1,1,1,0,0,0,0,6912,0
16,28495,0,4,1,1,49442,15,0,0,6912,1
17,51890,0,4,1,1,48963,16,0,0,6910,1
18,13958,0,1,1,1,4291,5,0,0,6905,1
19,91473,0,3,1,1,27408,17,0,0,6903,1
20,23354,0,3,1,1,10447,5,0,0,6896,1
21,120576,0,5,1,1,58831,23,250,2,6896,1
22,185681,2024,1,1,1,13300,16,1800,9,6896,1
23,20584,0,1,1,1,3450,11,3450,11,6884,0
24,66275,0,1,1,1,2533,11,150,1,6884,0
25,205651,500,1,1,1,4025,21,700,4,7932,0
26,20726,0,1,1,1,1375,4,0,0,7924,0
27,18521,0,1,1,1,1227,2,1227,2,7917,0
28,8828,0,1,1,1,0,0,0,0,7914,0
29,59763,0,3,1,1,33772,20,100,1,7907,1
30,19221,0,1,1,1,4655,8,500,1,7896,1
31,177926,0,3,1,1,20797,13,0,0,7886,0
32,10021,0,1,1,1,0,0,0,0,7879,0
33,276571,0,4,1,1,42044,23,0,0,7872,0
34,18047,0,1,1,1,100,1,0,0,7868,0
35,43832,0,1,1,1,0,0,0,0,7865,0
36,123759,0,4,1,1,50572,23,2500,5,7865,1
37,23193,0,1,1,1,650,4,550,3,7861,1
38,68666,0,1,1,1,350,2,350,2,7861,0
39,59990,0,3,1,1,27878,17,0,0,7854,1
40,2176,0,1,1,1,0,0,0,0,7847,1
41,34616,0,1,1,1,1750,4,500,1,7850,0
42,10470,0,4,1,1,38094,26,0,0,7840,1
43,60313,0,1,1,1,10000,26,3250,9,7829,1
44,619393,0,3,1,1,15008,14,0,0,7819,1
45,121260,0,3,1,1,18493,18,0,0,7808,0
46,288865,967,1,1,1,23600,14,2000,4,6884,1
47,92336,0,2,1,1,11214,6,0,0,6884,0
48,36924,0,1,1,1,5900,6,300,2,6879,1
49,70312,0,3,1,1,34678,24,500,1,6875,1
50,17051,0,1,1,1,1150,4,1150,4,6868,0
51,108137,0,1,1,1,6368,5,6368,5,6844,0
52,1300,0,1,1,1,370,1,0,0,6868,0
53,118531,0,4,1,1,44577,38,0,0,6868,1
54,121395,0,1,1,1,4970,8,650,2,6889,1
55,38348,0,1,1,1,0,0,0,0,6861,0
56,14448,0,1,1,1,1625,6,0,0,6856,0
57,75971,0,4,1,1,34339,14,0,0,6869,0
58,36298,0,1,1,1,3100,5,600,3,6865,1
59,38077,0,3,1,1,34024,8,0,0,6837,0
60,95118,0,3,1,1,23188,23,2200,7,6865,1
61,134457,0,3,1,1,15588,14,0,0,6861,0
62,19918,0,1,1,1,17601,11,0,0,6863,0
63,10120,0,1,1,1,0,0,0,0,6864,0
64,362642,0,1,1,1,28079,8,0,0,6835,0
65,80250,0,1,1,1,895,2,0,0,6833,0
66,53914,0,3,1,1,33767,45,5550,29,6826,1
67,9375,0,1,1,1,1750,7,0,0,6826,0
68,83237,0,4,1,1,35287,18,0,0,6837,0
69,230715,0,3,1,1,24047,12,0,0,6826,1
71,47457,0,3,1,1,12621,16,0,0,7766,1
72,84409,5031,2,1,1,15436,16,1150,4,7766,0
73,252386,0,4,1,1,39787,13,0,0,7787,0
74,550367,0,3,1,1,12500,13,50,1,7801,0
75,12646,0,1,1,1,631,4,631,4,7787,0
76,123867,0,3,1,1,25308,17,0,0,7759,0
78,129871,0,3,1,1,15776,22,0,0,7752,0
79,109380,0,1,1,1,7537,16,0,0,7749,0
80,111157,0,4,1,1,32883,19,0,0,7771,0
81,49238,0,4,1,1,38037,18,0,0,7801,1
82,38896,0,5,1,1,76988,16,556,1,7771,1
83,4340,0,1,1,1,32685,5,0,0,7733,1
84,88443,0,1,1,1,1200,3,1200,3,6837,0
85,8454,0,1,1,1,498,9,0,0,6821,0
86,61990,0,1,1,1,1625,6,0,0,6833,0
87,24093,0,1,1,1,1750,7,0,0,6819,0
88,35418,0,5,1,1,58557,18,900,3,6813,1
89,40284,0,1,1,1,7719,5,0,0,6827,1
90,609477,0,3,1,1,21422,22,1200,8,6820,0
91,62553,0,2,1,1,7672,16,700,1,6819,0
92,48433,0,1,1,1,3500,4,500,1,6807,1
93,20508,0,1,1,1,22250,8,1250,5,6794,1
94,2000,0,1,1,1,2000,4,2000,4,6809,0
95,78629,0,4,1,1,36679,25,0,0,6817,1
96,143566,0,1,1,1,5000,5,1500,3,6785,1
97,185549,0,5,1,1,110859,39,2950,16,6778,1
98,16796,0,1,1,1,2875,16,0,0,6773,0
99,57346,0,1,1,1,5560,23,0,0,6766,0
100,102062,0,4,1,1,44247,16,0,0,6758,0
101,22324,0,1,1,1,1375,4,0,0,6753,0
102,64824,0,3,1,1,20184,13,0,0,6770,1
103,25076,1182,5,1,1,57203,14,0,0,6750,1
104,8053,0,1,1,1,0,0,0,0,6750,1
105,35119,0,1,1,1,0,0,0,0,6749,0
106,28667,0,1,1,1,3861,7,2050,5,6749,1
107,34327,0,1,1,1,0,0,0,0,6745,0
108,3734,0,5,1,1,61096,18,150,2,6760,1
109,96627,1182,1,1,3,49059,26,2300,9,6738,1
110,43498,0,1,1,1,0,0,0,0,6759,1
111,84674,0,4,1,1,46335,14,50,1,6738,1
112,15098,0,4,1,1,32917,26,550,3,6737,1
113,181019,0,3,1,1,18415,15,0,0,7714,0
114,298911,0,1,1,1,8550,11,2550,8,7714,1
115,124198,0,5,1,1,66330,23,4833,10,7710,0
116,56906,0,1,1,1,2015,13,0,0,7707,1
117,295638,0,1,1,1,5422,20,818,2,7700,1
118,67018,0,3,1,1,23260,25,0,0,7698,0
119,143967,0,2,1,1,7346,11,0,0,7689,0
120,969559,0,1,1,1,2500,3,1000,2,7718,1
121,122705,0,3,1,1,24222,15,0,0,7682,1
122,16583,0,1,1,1,2625,7,0,0,7682,1
123,77540,0,1,1,1,1000,1,0,0,7683,0
124,205126,0,5,1,1,126630,45,2250,10,7668,1
125,81974,0,4,1,1,37266,18,1050,3,7661,1
126,47258,0,3,1,1,24768,19,0,0,7659,1
127,77699,0,4,1,1,42775,13,0,0,7654,0
128,133954,500,4,1,1,37670,18,1500,3,7654,1
129,602064,0,5,1,1,194753,26,2250,10,7652,1
130,213150,0,4,1,1,56308,41,5200,14,7645,1
131,48333,0,2,1,1,10123,14,0,0,6737,1
132,142175,0,4,1,1,37461,22,0,0,6732,1
133,17469,0,1,1,1,0,0,0,0,6730,1
134,19823,0,1,1,1,1095,3,335,1,6730,1
135,145074,0,1,1,1,8000,4,0,0,6746,1
136,101101,0,1,1,1,10850,11,1850,6,6725,1
137,125948,0,3,1,1,15155,15,0,0,6761,1
138,259484,1776,1,1,1,19172,26,7172,23,6723,1
139,129298,0,4,1,1,29099,15,0,0,6722,0
140,103302,0,4,1,1,53552,22,700,3,6718,1
141,160447,0,1,1,1,8578,25,0,0,6716,1
142,15472,0,1,1,1,3500,14,0,0,6715,0
143,39628,0,1,1,1,0,0,0,0,6711,0
144,6112,0,1,1,1,0,0,0,0,6709,0
145,31769,0,1,1,1,450,2,450,2,6707,0
146,126787,0,4,1,1,35021,17,0,0,6701,0
147,41547,0,3,1,1,16857,17,0,0,6697,0
148,100640,0,1,1,1,7600,8,1600,5,6708,1
149,18707,0,1,1,1,100,1,0,0,6693,0
150,50593,0,5,1,1,58208,17,1500,2,6689,1
151,84631,0,3,1,1,20415,17,0,0,6736,0
152,24868,0,1,1,1,205,5,0,0,6689,0
153,77097,0,4,1,1,42403,22,1718,4,6683,1
154,930410,0,5,1,1,211284,18,2250,6,7640,1
155,298121,0,5,1,1,60808,20,500,1,7640,0
156,87474,0,1,1,1,4581,15,0,0,7634,0
157,48707,0,4,1,1,37655,14,0,0,7631,1
158,220081,0,4,1,1,52574,21,500,1,7626,0
159,212976,0,3,1,1,19926,12,0,0,7624,0
160,44182,0,3,1,1,12313,12,0,0,7619,1
161,228829,0,5,1,1,59852,21,0,0,7612,1
162,46823,0,1,1,1,5860,12,0,0,7613,0
163,69110,0,3,1,1,18500,19,0,0,7598,0
164,120700,0,5,1,1,55323,17,1500,1,7598,1
165,152945,0,1,1,1,18604,6,3604,2,7598,1
166,10302,0,4,1,1,30298,19,0,0,7591,1
167,80331,0,3,1,1,15489,18,0,0,7634,1
168,69882,0,1,1,1,180,6,0,0,7582,0
169,95658,0,1,1,1,5269,18,0,0,7584,0
170,402874,0,5,1,1,74800,15,0,0,7582,1
171,370941,0,4,1,1,44615,16,0,0,7577,1
172,21694,0,4,1,1,45230,20,700,2,7575,1
173,71767,0,5,1,1,67335,13,0,0,7570,1
174,35820,0,1,1,1,0,0,0,0,7575,0
175,352508,0,3,1,1,23740,6,1000,2,7563,1
176,149285,0,1,1,1,15656,13,3250,6,7561,1
177,120941,0,4,1,1,42301,21,0,0,7588,0
178,451673,0,4,1,1,43533,19,900,4,7575,1
179,106961,0,1,1,1,7357,19,200,2,7572,1
180,28086,1745,2,1,1,7368,12,0,0,7549,1
181,60230,0,1,1,1,500,1,0,0,7544,1
182,6663,0,1,1,1,1125,7,750,4,7575,1
183,48145,0,1,1,1,10735,27,0,0,7540,0
184,127807,0,3,1,1,17086,16,1500,3,7537,1
186,32948,0,1,1,1,50,1,50,1,7569,0
187,8933,0,2,1,1,8860,14,0,0,7533,1
188,49885,0,3,1,1,23640,17,0,0,7533,0
189,89999,0,3,1,1,11694,13,0,0,7530,0
190,707079,0,4,1,1,57173,40,3450,12,7523,1
191,211595,0,1,1,1,3250,8,0,0,7521,0
192,410795,0,5,1,1,73679,31,0,0,7514,0
193,72173,0,1,1,1,2954,13,232,1,7509,0
194,123516,0,5,1,1,240544,31,500,2,7507,1
195,143080,733,4,1,1,44373,38,3928,17,7575,1
196,386061,0,5,1,1,107813,24,0,0,7500,1
197,52738,2398,1,1,1,0,0,0,0,7498,0
198,24523,0,1,1,1,100,1,0,0,7493,1
199,134601,0,1,1,1,0,0,0,0,7493,0
200,32742,0,5,1,1,61857,26,0,0,7488,1
201,108341,0,3,1,1,19670,21,0,0,7488,0
202,8669,0,1,3,1,11397,16,0,0,7486,1
203,118940,0,4,1,1,36001,17,150,1,7484,1
204,41385,0,4,1,1,26948,14,0,0,7481,1
205,28621,0,2,1,1,13878,20,1400,10,7479,1
206,16230,0,1,1,1,486,2,0,0,7477,0
207,152881,0,5,1,1,79687,18,500,1,7474,1
208,37348,0,1,1,1,0,0,0,0,7472,0
209,51468,0,1,1,1,2278,9,0,0,7460,0
210,95989,0,5,1,1,92159,30,1329,4,7518,1
211,23184,1250,1,1,1,3694,12,1150,3,7467,1
212,27381,0,3,1,1,18009,18,0,0,7524,1
213,6854,0,1,1,1,0,0,0,0,7467,0
214,201346,0,5,1,1,99612,34,600,4,7463,1
215,31588,0,1,1,1,2947,8,0,0,7463,0
216,204582,0,1,1,1,4671,14,0,0,7498,0
217,8298,0,3,1,1,20087,15,0,0,7498,1
218,10097,0,1,1,1,2700,1,2700,1,7498,0
219,114356,0,4,1,1,27308,14,0,0,7456,0
220,1344,0,1,1,1,1134,9,0,0,7498,0
221,59797,0,1,1,1,7069,4,0,0,7444,0
222,189053,0,3,1,1,24156,22,0,0,7439,1
223,143481,0,4,1,1,45891,15,0,0,7437,0
224,1302051,2706,5,1,1,90653,32,3050,7,7467,1
225,229744,0,5,1,1,68754,35,550,2,7467,1
226,75039,0,1,1,1,2750,10,250,1,7435,1
227,20203,0,1,1,1,750,6,0,0,7467,0
228,193976,0,3,1,1,10849,14,0,0,7416,0
229,98224,0,2,1,1,5570,11,0,0,7467,0
230,117329,0,1,2,1,6448,11,0,0,7416,1
231,119239,0,4,1,1,36362,15,250,1,7467,1
232,53715,0,2,1,1,7164,15,300,2,7416,0
233,153747,0,5,1,1,58689,15,0,0,7409,0
234,133309,0,3,1,1,23987,13,0,0,7415,1
235,81380,0,5,1,1,56524,22,0,0,7404,1
236,22074,0,1,1,1,6039,15,0,0,7404,0
237,24051,0,2,1,1,8764,13,0,0,7395,1
238,11449,0,2,1,1,9057,13,0,0,7397,1
239,182317,0,2,1,1,19489,17,273,1,7397,1
240,46184,0,1,1,1,3125,12,500,1,7388,0
241,285116,0,1,1,1,8471,18,500,1,7406,1
242,30962,0,5,1,1,97683,37,6400,18,7360,1
243,15525,0,1,1,1,3853,6,0,0,7406,0
244,163530,0,5,1,1,88987,25,0,0,7406,0
245,2075,0,2,1,1,5002,14,0,0,7374,1
246,227881,0,4,1,1,41186,13,0,0,7369,0
247,118934,0,5,1,1,66222,37,2250,17,7354,0
248,468175,0,5,1,1,141615,22,0,0,7348,1
249,12526,0,4,1,1,56076,19,3850,11,7375,1
250,176090,0,1,1,1,5300,9,2200,6,7344,0
251,15221,0,1,1,1,4425,9,0,0,7361,1
252,92875,0,5,1,1,60990,14,0,0,7344,1
253,88702,0,2,1,1,9620,13,50,1,7406,0
254,62882,0,1,1,1,1925,8,0,0,7375,0
255,30015,0,1,1,1,5875,32,0,0,7341,0
256,87293,0,3,1,1,21584,17,1050,2,7406,0
257,45225,0,3,1,1,14711,15,0,0,7339,1
258,96098,0,1,1,1,12500,4,0,0,7339,1
259,236274,0,5,1,1,61515,12,0,0,7375,0
260,423540,0,1,1,1,8534,14,2100,9,7375,0
261,25279,0,2,1,1,14938,26,0,0,7327,1
262,198137,0,1,1,1,6303,6,500,1,7323,0
263,402312,0,5,1,1,77122,18,250,3,7375,1
264,149733,0,1,1,1,605,3,500,1,7323,0
265,70730,0,1,1,1,1319,12,0,0,7316,0
266,164613,0,2,1,1,11095,13,0,0,7375,0
267,47557,0,2,1,1,10267,18,200,3,7345,0
268,35065,0,1,1,1,5400,5,1400,3,7311,1
269,105769,0,3,1,1,23097,16,0,0,7345,1
270,35900,0,1,1,1,0,0,0,0,7304,0
271,43088,0,1,1,1,4000,1,0,0,7345,0
272,58703,0,4,1,1,46473,34,950,4,7296,1
273,70354,0,5,1,1,120907,22,0,0,7290,1
274,145726,0,3,1,1,19019,15,0,0,7292,1
275,121639,0,5,1,1,67286,7,0,0,7288,1
276,70676,0,5,1,1,74993,15,0,0,7288,1
277,18263,0,1,1,1,2100,4,1000,2,7285,0
278,51250,0,1,1,1,0,0,0,0,7283,0
279,1704838,0,1,1,1,17108,32,4823,23,7283,1
280,12895,0,1,1,1,0,0,0,0,7277,0
281,120073,0,3,1,1,12423,29,0,0,7276,1
282,2003,0,1,1,1,980,2,0,0,7274,0
283,22652,0,5,1,1,57642,14,0,0,7271,1
284,168515,0,1,1,1,4600,4,0,0,7269,0
285,44873,0,4,1,1,38740,18,850,2,7267,1
286,190542,1745,1,1,1,8487,9,0,0,7267,0
287,156230,0,1,1,1,5300,8,1300,5,7260,1
288,79211,0,4,1,1,36776,14,0,0,7260,1
289,98006,0,4,1,1,46349,20,2309,3,7332,1
290,33982,0,5,1,1,68320,17,0,0,7255,1
291,62998,0,2,1,1,11326,24,0,0,7253,0
292,137908,0,5,1,1,57713,19,0,0,7250,1
293,45586,0,4,1,1,37459,15,0,0,7246,0
294,568174,0,5,1,1,67121,16,1000,2,7243,1
295,145993,0,5,1,1,95082,17,500,1,7229,1
296,294881,0,5,1,1,84800,20,0,0,7279,1
297,12195,0,1,1,1,3875,17,0,0,7229,0
298,16622,0,1,1,1,0,0,0,0,7229,0
299,141813,0,4,1,1,39743,14,0,0,7254,0
300,58139,500,4,1,1,38408,16,150,1,7227,1
301,238868,0,3,1,1,20521,16,0,0,7220,0
302,149286,0,4,1,1,42141,30,2400,13,7222,1
303,35945,0,1,1,1,0,0,0,0,7220,0
304,28218,0,1,1,1,750,4,750,4,7232,1
305,7061,0,1,1,1,7100,12,0,0,7218,0
306,217846,0,4,1,1,49198,20,0,0,7215,1
307,364387,0,4,1,1,28200,27,0,0,7213,0
308,125465,0,3,1,1,14750,9,0,0,7206,0
309,94222,0,4,1,1,52081,24,0,0,7201,1
310,123370,0,1,1,1,7478,16,0,0,7197,0
311,383030,2998,1,1,1,8001,25,3226,15,7326,1
312,112969,0,2,1,1,7572,7,0,0,7192,0
313,46430,0,1,1,1,2100,4,500,1,7194,0
314,179433,0,4,1,1,30476,15,0,0,7187,0
315,20746,0,4,1,1,37534,17,0,0,7185,1
316,61455,0,4,1,1,28765,17,0,0,7183,1
317,714717,0,5,1,1,119162,20,1750,4,7183,1
318,179559,0,3,1,1,17819,12,1000,2,7173,1
319,119977,2556,1,1,1,9275,16,1400,4,7226,1
320,16928,0,1,1,1,1000,1,0,0,7173,0
321,65316,0,1,1,1,3917,10,0,0,7254,0
322,766419,0,1,1,1,11398,3,398,1,7162,1
323,52060,0,1,1,1,6500,3,0,0,7162,1
324,84700,0,3,1,1,13544,17,0,0,7162,0
325,205523,0,3,1,1,32404,20,1000,2,7159,1
326,20457,0,4,1,1,51399,16,0,0,7193,1
327,278727,0,1,1,1,21666,19,9166,16,7155,1
328,50325,0,3,1,1,11930,14,0,0,7155,0
329,455228,0,1,1,1,258,2,258,2,7141,1
330,73849,0,2,1,1,11793,21,0,0,7250,0
331,388455,0,5,1,1,114329,26,6078,8,7164,1
332,138999,0,5,1,1,63738,29,600,4,7153,1
333,65573,0,1,1,1,3875,23,0,0,7130,0
334,172288,0,5,1,1,66879,10,0,0,7130,1
335,47958,0,1,1,1,0,0,0,0,7130,0
337,133002,0,3,1,1,15672,21,150,1,7117,0
338,42363,0,1,1,1,0,0,0,0,7120,1
339,133370,0,4,1,1,44299,18,0,0,7101,1
340,278457,6727,4,1,1,57313,27,1000,2,7101,1
341,105166,1374,4,1,1,37663,22,0,0,7120,0
342,34956,0,1,1,1,0,0,0,0,7172,0
343,46963,0,1,1,1,1500,5,0,0,7117,0
344,55788,0,3,1,1,24831,12,0,0,7314,0
345,174910,0,4,1,1,63960,20,200,1,7110,1
346,13812,0,2,1,1,15149,39,0,0,7110,1
347,38718,0,1,1,1,0,0,0,0,7314,0
348,112501,0,1,1,2,19140,11,0,0,7101,0
349,54005,0,1,1,1,1500,5,0,0,7099,0
350,66863,0,4,1,1,36532,9,0,0,7099,1
351,93045,0,3,1,1,17636,15,0,0,7092,0
352,197328,0,5,1,1,60447,12,0,0,7092,0
353,151301,0,4,1,1,37772,14,0,0,7092,0
354,87938,0,1,1,1,11268,2,0,0,7085,1
355,15283,0,1,1,1,1250,3,0,0,7132,0
356,105423,0,3,1,1,20802,14,0,0,7078,0
357,312512,0,1,1,1,100,1,100,1,7078,0
358,13680,0,1,1,1,0,0,0,0,7073,1
359,41279,0,3,1,1,14462,20,1650,6,7064,0
360,25313,0,2,1,1,7491,13,0,0,7064,0
361,148691,0,1,1,1,3000,3,1000,2,7064,0
362,224081,0,4,1,1,40108,15,150,2,7059,0
363,51088,0,1,1,1,0,0,0,0,7057,0
364,95305,0,1,1,1,3189,13,0,0,7054,0
365,22080,0,1,1,1,12200,47,1950,9,7050,1
366,11660,0,1,1,1,140,1,0,0,7050,0
367,222227,0,4,1,1,38127,14,500,1,7047,1
368,16200,0,1,1,1,160,1,0,0,7043,0
369,38227,0,2,1,1,8612,13,0,0,7036,0
370,80214,0,1,1,1,500,1,500,1,7029,1
371,53985,0,1,1,1,1000,1,0,0,7029,1
372,14414,0,1,1,1,0,0,0,0,7024,0
373,44457,0,1,1,1,225,3,0,0,7026,0
374,161813,0,5,1,1,126941,20,0,0,7026,1
375,138020,0,1,1,1,6568,15,0,0,7024,1
376,107707,0,3,1,1,19407,25,2211,12,7024,0
377,95656,0,5,1,1,62666,27,0,0,7019,1
378,149678,0,1,1,1,0,0,0,0,7022,0
379,15113,0,2,1,1,10574,19,0,0,7017,1
380,231,0,1,1,1,29900,24,5300,15,7015,1
381,22380,0,1,1,1,300,2,200,1,7010,0
382,146263,0,3,1,1,20853,21,350,1,7001,1
383,24598,0,1,1,1,0,0,0,0,7040,0
384,76150,0,4,1,1,36907,17,0,0,6998,0
385,377252,0,5,1,1,230629,30,6393,13,6996,1
386,167670,0,1,3,1,15907,13,0,0,6994,0
387,86853,0,4,1,1,42293,21,500,1,6980,0
388,479989,0,4,1,1,66516,26,1600,6,6980,0
389,28193,0,5,1,4,103456,32,0,0,6980,1
390,67086,0,3,1,1,18157,16,0,0,6974,0
391,35969,0,2,1,1,11665,21,0,0,6977,0
393,53790,0,4,1,1,28717,19,0,0,8296,1
394,198859,0,3,1,1,17855,14,500,1,8296,0
395,91939,0,1,1,1,1244,8,0,0,8296,0
396,88449,0,2,1,1,11402,18,1450,5,8296,0
397,54842,0,3,1,1,20792,15,0,0,8296,1
398,11189,0,1,2,1,9044,20,0,0,8296,1
399,16999,0,1,1,1,140,1,0,0,8296,0
400,114713,0,1,1,1,7142,18,0,0,8296,0
401,1612,0,1,1,1,955,9,0,0,8296,0
402,97763,0,1,1,1,2000,9,0,0,8296,0
403,15129,0,1,1,1,0,0,0,0,8296,0
404,15669,0,1,1,1,1205,4,0,0,8296,0
405,26720,0,1,1,1,913,3,0,0,8296,0
406,205292,0,2,1,1,5471,13,0,0,8296,0
407,56635,0,1,1,1,1024,8,359,2,8296,0
408,127297,0,2,1,1,8510,12,0,0,8296,0
409,8927,0,1,1,1,0,0,0,0,8296,0
410,507506,1952,5,1,1,102279,32,4485,13,8296,1
411,145723,0,5,1,1,59858,16,0,0,8296,1
412,6458,0,1,1,1,0,0,0,0,8296,0
413,267640,0,1,1,1,6000,3,0,0,8296,1
414,5581,0,1,1,1,0,0,0,0,8296,0
415,10732,0,1,1,1,1296,6,0,0,8296,0
416,620498,0,5,1,1,25395,53,1750,14,8296,1
417,68963,0,4,1,1,37723,15,0,0,8296,0
418,109640,0,4,1,1,66983,38,5500,17,8296,1
419,225802,0,5,1,1,74340,16,200,2,8296,1
420,58452,0,1,1,1,0,0,0,0,8296,0
421,109087,0,2,1,1,10462,16,0,0,8296,1
422,68286,0,3,1,1,22831,13,0,0,8296,1
423,68464,0,1,1,1,240,3,0,0,8296,1
424,131960,2000,3,1,1,16081,8,0,0,8296,0
425,199956,1178,1,1,1,0,0,0,0,8296,0
426,529886,7210,1,1,1,23866,26,7741,15,8296,1
427,23529,0,1,1,1,500,1,0,0,8296,0
428,190295,0,4,1,1,3501,15,0,0,8296,0
429,21083,0,5,1,1,129330,16,1000,2,8296,1
430,117860,0,5,1,1,62758,15,0,0,8296,1
431,118844,0,4,1,1,28731,17,400,2,8289,1
432,60493,0,1,1,1,9000,1,0,0,8289,0
433,491987,0,5,1,1,68007,23,700,2,8289,1
434,87692,0,1,1,1,2310,6,500,1,8289,0
435,78028,0,4,1,1,36269,24,0,0,8289,0
436,251286,0,1,1,1,0,0,0,0,8289,1
437,17575,0,1,1,1,0,0,0,0,8289,1
438,50431,0,1,1,1,1000,1,0,0,8289,1
439,153597,0,5,1,1,56567,18,0,0,8289,0
440,74579,0,1,1,1,4600,11,600,8,8289,1
441,2494,0,1,1,1,0,0,0,0,8289,0
442,96031,0,4,1,1,46588,21,0,0,8289,0
443,353678,0,4,1,1,141230,28,1450,5,8289,1
444,50052,0,4,1,1,49383,13,0,0,8289,1
445,13381,0,1,1,1,1000,8,0,0,8289,0
446,25123,0,1,1,1,2030,6,0,0,8289,0
447,132555,0,3,1,1,24775,31,350,1,8289,1
448,14528,0,1,1,1,6000,7,3000,6,8289,0
449,24038,0,2,1,1,6290,14,0,0,8289,0
450,192104,0,3,1,1,39010,53,1750,8,8289,1
451,106773,0,1,1,1,12900,10,1400,8,8289,1
452,229397,0,3,1,1,22873,13,0,0,8289,1
453,14732,0,1,1,1,100,1,0,0,8289,0
454,383129,0,3,1,1,23608,16,500,1,8289,0
455,11431,0,1,1,1,1759,4,759,3,8289,0
456,175461,0,4,1,1,40997,14,0,0,8289,1
457,52953,0,1,1,1,500,1,0,0,8289,0
458,182291,0,3,1,1,24155,22,0,0,8289,0
459,198317,0,5,1,1,61714,16,0,0,8289,1
460,49053,0,1,1,1,6498,18,950,5,8289,0
461,22772,0,1,1,1,0,0,0,0,8289,0
462,34170,0,3,1,1,15476,20,150,1,8289,1
463,158483,0,2,1,1,9018,11,0,0,8289,0
464,43285,0,4,1,1,28613,14,0,0,8252,1
465,52980,0,3,1,1,17078,14,0,0,8237,0
466,74342,0,1,1,1,4389,12,0,0,8228,0
467,139849,0,3,1,1,19946,15,0,0,8228,1
468,26080,0,2,1,1,9872,13,0,0,8228,1
469,29469,0,1,1,1,2522,4,0,0,8228,0
470,189252,0,1,1,1,2991,15,0,0,8228,0
471,382546,0,5,1,1,136619,34,3000,6,8228,1
472,1113394,2015,5,1,1,60883,26,2600,9,8228,1
473,459681,0,5,1,1,95531,17,0,0,8228,1
474,83590,0,1,1,1,3708,22,0,0,8228,0
475,82528,0,1,1,1,2100,5,600,4,8228,1
476,5600,0,1,1,1,125,1,0,0,8228,0
477,743745,2066,1,1,1,4100,20,2500,18,8228,1
478,43954,0,5,1,1,63463,13,250,1,8228,1
479,52005,0,3,1,1,11870,15,100,1,8228,0
480,45494,0,1,1,1,5021,16,600,2,8228,0
481,171509,0,3,1,1,40090,55,6381,23,8151,1
482,235947,0,1,1,1,3982,16,0,0,8145,0
483,153108,0,4,1,1,25802,14,500,1,8137,0
484,260261,0,4,1,1,33047,21,0,0,8146,1
485,80223,0,3,1,1,21248,26,2050,7,8121,1
486,38716,0,2,1,1,8253,21,0,0,8114,0
487,1125076,0,3,1,1,23046,14,0,0,8107,0
488,10954,500,1,1,1,2500,1,0,0,8095,1
489,97099,0,1,1,1,6325,21,1700,5,8085,0
490,62396,2128,1,1,1,1250,3,0,0,8075,1
491,40645,0,3,1,1,18348,13,0,0,8067,1
492,82655,0,5,1,1,101101,19,700,2,8057,1
493,84035,0,1,1,1,4240,6,1600,4,8114,1
494,1199220,2919,1,1,1,3800,19,3300,18,8023,1
495,86345,0,3,1,1,13415,16,350,2,8009,0
496,2701,0,1,1,1,5000,10,0,0,8002,1
497,46874,0,1,1,1,9689,38,500,1,7990,0
498,10879,0,5,1,1,78186,32,3400,12,7981,1
499,12742,0,1,1,1,0,0,0,0,7966,0
500,122904,0,4,1,1,37380,21,1300,4,7956,0
501,10994,0,1,1,1,1250,3,0,0,8007,0
502,2318,0,2,1,1,8747,14,0,0,7945,1
503,11070,0,1,1,1,0,0,0,0,7939,1
504,21921,0,1,1,1,0,0,0,0,7939,0
505,162521,0,5,1,1,57354,25,0,0,8105,1
506,207545,0,1,1,1,11137,34,4387,12,8105,1
507,86112,0,4,1,1,35528,22,0,0,8105,0
508,18328,0,1,1,1,0,0,0,0,6790,0
509,217557,0,5,1,1,97584,19,550,2,6679,0
510,11504,0,1,1,1,100,1,0,0,6675,0
511,143200,0,5,1,1,79837,28,50,1,6667,1
512,160703,0,4,1,1,32560,12,0,0,6666,0
513,910,0,1,1,1,5172,13,0,0,6662,1
514,94105,0,1,1,1,100,1,0,0,6676,0
515,18422,0,1,1,1,3297,13,0,0,6653,0
516,889456,1024,5,1,1,98959,29,850,4,6652,1
517,9800,589,1,1,1,10348,34,3000,25,6651,1
518,148318,0,4,1,1,51197,22,350,2,6648,1
519,26149,0,1,1,1,5190,6,0,0,6646,0
520,76933,0,4,1,1,28075,17,0,0,6646,0
521,346178,0,5,1,1,63803,16,0,0,6645,0
522,22878,0,1,1,1,9039,32,0,0,6641,1
523,66741,2880,5,1,1,71921,30,2600,7,6638,1
524,134060,0,4,1,1,46606,13,0,0,6637,0
525,3305,0,1,1,1,31465,24,1700,10,6633,1
526,28930,0,1,1,1,8185,17,0,0,6630,0
527,208519,0,1,1,1,4040,6,450,2,6627,0
528,58951,0,4,1,1,47994,15,500,1,6625,0
529,25395,0,1,1,1,2000,1,0,0,6624,0
530,109248,0,1,1,1,6828,11,0,0,6618,1
531,43387,0,1,1,1,4942,13,0,0,6613,0
532,52423,0,4,1,1,26926,13,0,0,6611,1
533,26858,500,4,1,1,34308,17,900,3,6606,1
534,5410,0,4,1,1,45890,22,0,0,6603,1
535,18177,0,3,1,1,12040,12,0,0,6690,1
536,413509,0,1,1,1,2500,1,0,0,6598,1
537,98472,1776,5,1,1,124421,45,10250,28,6621,1
538,86520,3445,5,1,1,64450,20,1000,2,6592,1
539,16648,0,1,1,1,625,4,0,0,6588,0
540,267404,0,5,1,1,263685,51,3000,6,6584,1
541,31478,0,3,1,1,18885,18,0,0,6578,1
542,17445,0,1,1,1,4500,3,500,1,6576,1
543,49052,0,4,1,1,46718,17,0,0,6575,1
544,21689,0,1,1,1,0,0,0,0,6570,0
545,18302,0,1,1,1,2197,10,0,0,6569,0
546,26220,0,1,1,1,2775,11,0,0,6647,0
547,59552,0,1,1,1,7551,22,0,0,6473,1
548,34962,0,1,1,1,252,3,0,0,6208,0
549,16153,0,1,1,1,180,1,0,0,6491,0
550,28931,0,1,1,1,6500,4,500,1,6354,1
551,202636,0,1,1,1,19000,5,0,0,6119,1
552,153962,0,5,1,1,90992,21,0,0,6567,1
553,63311,0,4,1,1,25048,14,0,0,6634,1
554,8561,0,1,1,1,2050,8,1300,2,6675,1
555,256219,0,3,1,1,29823,33,6568,16,6561,1
556,122700,0,3,1,1,18604,13,0,0,6556,0
557,81419,0,2,1,1,7769,12,350,1,6599,1
558,13873,0,1,1,1,4833,20,0,0,6519,0
559,148,0,1,1,1,190,2,0,0,6507,0
560,178919,0,3,1,1,23387,17,0,0,6555,1
562,19702,0,1,1,1,3000,1,0,0,6554,1
563,18820,0,1,1,1,0,0,0,0,6549,0
564,213849,0,1,1,1,500,1,0,0,6549,1
565,28077,0,1,1,1,735,6,500,1,6575,0
566,4528,0,1,1,1,290,1,0,0,6565,0
567,40418,0,3,1,1,12678,12,0,0,6541,1
568,380930,0,2,2,1,22485,25,213,1,6539,1
569,176849,0,1,1,1,7700,11,950,4,6539,1
570,71235,0,4,1,1,41004,14,0,0,6535,0
571,76446,0,5,1,1,63811,17,0,0,6550,1
572,148915,0,3,1,1,23522,16,650,2,6532,1
573,65034,0,3,1,1,14331,16,800,3,6541,0
574,35738,0,4,1,1,41264,16,0,0,6526,1
575,313,0,1,1,1,1600,1,0,0,6525,0
576,55703,0,1,1,1,0,0,0,0,6520,0
577,11613,0,1,1,1,2000,1,0,0,6519,1
578,65672,0,4,1,1,29089,13,0,0,6529,0
579,84785,0,1,1,1,4570,14,0,0,6514,0
580,30592,862,1,1,1,2602,7,0,0,6512,0
581,99293,0,5,1,1,81040,23,1000,2,6508,1
582,51830,0,1,1,1,0,0,0,0,6507,0
583,20126,0,5,1,1,78999,28,800,3,6506,1
584,3294,0,1,1,1,1330,2,0,0,6498,0
585,11143,0,1,1,1,2800,6,800,5,6529,1
586,8250,0,1,1,1,250,2,0,0,6486,0
587,117670,0,5,1,1,53043,19,550,1,6505,0
588,49454,0,2,1,1,9548,22,250,1,6501,0
589,58421,0,1,1,1,1000,1,0,0,6532,0
590,33443,0,1,1,1,0,0,0,0,6476,0
591,13886,0,1,1,1,0,0,0,0,6465,0
592,15349,0,1,1,1,250,2,0,0,6457,0
593,78712,0,1,1,1,0,0,0,0,6433,0
594,89742,0,4,1,1,39073,13,0,0,6498,0
595,31311,0,1,1,1,3961,10,0,0,6494,0
596,133445,8264,1,1,1,3375,13,0,0,6492,1
597,136161,0,1,1,1,6032,15,0,0,6463,0
599,9998,0,1,1,1,0,0,0,0,6448,0
600,37904,0,3,1,1,19052,17,0,0,6487,1
601,41243,0,4,1,1,27971,7,300,1,6483,0
602,54011,1604,3,1,1,38380,20,5780,4,6487,1
603,5351,0,1,1,1,100,1,0,0,6450,0
604,23334,0,1,1,1,0,0,0,0,6441,0
605,11255,0,1,1,1,0,0,0,0,6428,0
606,48127,0,4,1,1,41447,28,0,0,6421,1
607,329497,0,5,1,1,57264,12,0,0,6484,1
608,158895,0,4,1,1,41954,15,0,0,6525,0
609,34540,0,4,1,1,27882,13,0,0,6494,0
610,117623,0,5,1,1,86582,26,1000,6,6477,1
611,126409,0,4,1,1,28460,13,0,0,6478,0
612,112843,0,3,1,1,16137,14,0,0,6472,1
613,117240,0,1,1,1,1200,3,700,2,6471,1
614,7216,0,3,1,1,21419,18,0,0,6470,1
615,26412,0,1,1,1,5086,2,0,0,6552,0
616,427528,0,4,1,1,35098,16,1600,3,6465,0
617,1846,0,1,1,1,450,1,0,0,6471,0
618,45830,0,2,1,1,23404,10,0,0,6459,0
619,179042,0,1,1,1,25078,50,3350,15,6456,1
620,41487,500,1,1,1,10885,7,0,0,6451,1
621,39601,0,1,1,1,3733,9,0,0,6450,1
622,46142,0,3,1,1,14445,13,0,0,6452,1
623,110277,0,4,1,1,37110,18,1500,3,6445,1
625,122928,0,3,1,1,12211,14,0,0,6443,0
626,146599,0,3,1,1,16463,16,1000,2,6444,1
627,338656,0,4,1,1,52908,16,0,0,6444,0
628,54125,0,4,1,1,48874,17,450,3,6463,1
629,29861,0,4,1,1,28190,15,0,0,6407,1
630,126148,0,2,1,1,6273,8,0,0,6435,0
631,62080,2975,2,1,1,19113,32,10650,28,6434,1
632,175131,0,5,1,1,53495,15,0,0,6431,1
633,365918,0,5,1,1,83752,23,1373,7,6429,1
634,105547,0,3,1,1,24973,26,500,1,6415,0
635,67615,0,3,1,1,14168,13,0,0,6413,0
636,33554,0,4,1,1,27410,16,350,1,6428,1
637,163083,0,1,1,1,3825,9,450,4,6428,0
638,747983,0,4,1,1,26117,15,50,1,6427,1
639,415070,588,5,1,1,153183,41,3802,20,6423,1
640,18111,0,1,1,1,4625,26,0,0,6463,0
641,41526,0,1,1,1,0,0,0,0,6406,0
642,38021,0,1,1,1,5538,9,0,0,6407,0
643,17500,0,1,1,1,0,0,0,0,6400,0
644,5906,0,1,1,1,280,1,0,0,6395,0
645,70133,0,2,1,1,7396,16,0,0,6392,0
646,32010,0,1,1,1,12315,6,650,2,6421,1
647,82605,0,3,1,1,23049,15,0,0,6417,0
648,77285,0,5,1,1,63841,32,0,0,6417,1
649,15219,0,1,1,1,0,0,0,0,6427,1
650,54889,0,2,1,1,13150,4,0,0,6438,0
651,8910,0,1,1,1,150,1,150,1,6413,0
652,49891,0,1,1,1,500,1,500,1,6392,0
653,10484,0,1,1,1,0,0,0,0,6375,0
654,15496,0,1,1,1,0,0,0,0,6324,0
655,16714,0,1,1,1,0,0,0,0,6214,0
656,25835,0,3,1,1,15153,15,0,0,6142,1
657,3487,0,1,1,1,710,1,0,0,6059,0
658,347096,0,1,1,1,12000,6,0,0,6408,1
659,155962,1199,3,1,1,16510,16,50,1,6406,1
660,160572,0,1,1,1,8163,18,500,1,6403,1
661,257068,2586,1,1,1,5900,4,400,1,6420,1
662,48410,0,4,1,1,37869,16,500,1,6395,1
663,33269,0,1,1,1,4675,10,200,1,6396,0
664,25685,0,1,1,1,185,3,0,0,6382,0
665,50500,0,1,1,1,4765,14,0,0,6380,0
666,97486,0,3,1,1,22707,15,0,0,6387,0
667,323459,0,1,1,1,12000,8,1500,3,6378,1
668,11821,0,1,1,1,10697,10,0,0,6387,1
669,37039,0,4,1,1,29976,18,0,0,6375,0
670,28306,0,1,1,1,233,3,0,0,6371,0
671,109532,0,5,1,1,128048,53,7939,26,6372,1
672,91974,0,3,1,1,19223,18,500,1,6372,1
673,65823,0,4,1,1,28208,19,300,3,6373,1
675,104824,0,3,1,1,14582,15,0,0,6366,0
676,16061,0,1,1,1,2750,11,0,0,6366,0
677,55237,0,2,1,1,5547,14,0,0,6358,0
678,10491,0,1,1,1,5025,11,150,1,6357,0
679,192334,0,4,1,1,33950,21,1450,4,6366,1
680,45501,0,4,1,1,49656,17,316,1,6375,1
681,18661,0,1,1,1,0,0,0,0,6352,0
682,89668,0,4,1,1,29130,14,0,0,6350,0
683,53327,0,1,1,1,8650,6,650,2,6350,1
684,133143,0,4,1,1,43643,14,50,1,6385,0
685,22268,0,3,1,1,23582,15,200,1,6339,1
686,26556,3490,1,1,1,2845,14,720,4,6339,1
687,9601,0,3,1,1,20467,16,0,0,6338,1
688,280561,0,3,1,1,12154,13,0,0,6337,0
689,146248,0,1,1,1,2900,4,1400,3,6333,0
690,9483,0,1,1,1,1000,1,0,0,6340,0
691,119082,5051,1,1,1,4230,17,3600,14,6340,1
692,232171,0,3,1,1,22258,30,650,2,6340,1
693,369816,1745,4,1,1,46942,35,7266,17,6340,1
694,37381,0,1,1,1,6091,16,0,0,6332,0
695,173543,0,5,1,1,92752,25,0,0,6329,1
696,31211,0,1,1,1,280,4,100,1,6330,0
697,47780,0,5,1,1,88773,20,250,2,6329,1
698,79479,0,3,1,1,23167,13,0,0,6118,0
699,81960,0,4,1,1,37072,22,700,7,6326,0
700,20162,0,1,1,1,2750,15,0,0,6324,0
701,105683,0,4,1,1,28386,17,0,0,6361,0
702,234327,0,4,1,1,30406,28,150,2,6319,1
703,463494,0,3,1,1,27390,17,750,1,6323,1
704,17334,0,1,1,1,6783,27,50,1,6318,0
705,57909,0,1,1,1,5150,4,0,0,6323,0
706,17949,0,1,1,1,0,0,0,0,6312,0
707,529477,0,2,1,1,31624,28,2098,5,6311,1
708,71543,0,1,1,1,0,0,0,0,6305,0
709,111897,0,3,1,1,14728,14,0,0,6310,0
710,61598,0,1,1,1,0,0,0,0,6311,0
711,417875,0,4,1,1,44472,18,0,0,6308,0
712,340874,0,5,1,1,68090,43,5676,27,6305,1
713,32774,0,1,1,1,0,0,0,0,6304,1
714,242910,1115,5,1,1,103935,18,500,1,6296,1
715,137843,0,4,1,1,45416,24,250,1,6302,1
716,30530,0,1,1,1,5590,12,2950,9,6298,1
717,30973,0,1,1,1,0,0,0,0,6298,0
718,238749,0,1,1,1,7134,14,3134,12,6297,1
719,16803,0,1,1,1,1287,6,0,0,6291,0
720,23553,810,1,1,1,1587,4,487,2,6295,1
721,48161,0,4,1,1,41174,24,0,0,6294,1
722,21616,0,1,1,1,0,0,0,0,6291,0
723,13114,0,2,1,1,14029,13,0,0,6289,1
724,117120,0,4,1,1,41278,17,500,1,6288,0
725,52987,0,3,1,1,17510,15,0,0,6289,0
726,150176,0,4,1,1,29999,17,400,1,6284,0
727,19002,0,3,1,1,22675,21,0,0,6277,1
728,60976,0,5,1,1,97318,31,7000,14,6282,1
729,50675,0,1,1,1,1100,2,100,1,6282,0
730,65466,0,2,1,1,5488,13,0,0,6280,0
731,64280,0,3,1,1,21721,18,0,0,6280,1
732,14523,0,1,1,1,4197,4,0,0,6276,1
733,384470,0,3,1,1,20468,16,0,0,6280,1
734,9157,0,1,1,1,75,2,0,0,6274,0
735,151904,733,5,1,1,76440,25,950,8,6273,1
736,13781,0,4,1,1,48914,19,500,1,6269,1
737,40567,0,3,1,1,18122,16,0,0,6268,0
738,43090,0,3,1,1,11411,10,0,0,6259,0
739,1875,0,1,1,1,1250,3,0,0,6266,0
740,126555,0,4,1,1,41253,19,0,0,6280,1
741,16472,0,4,1,1,45517,12,0,0,6262,1
742,21270,0,1,1,1,318,10,0,0,6256,0
743,33410,0,1,1,1,818,12,0,0,6255,0
744,15750,0,1,1,1,1065,3,0,0,6254,1
745,104665,0,2,1,1,9547,12,0,0,6249,0
746,86285,0,5,1,1,61274,14,0,0,6249,1
747,41967,0,1,1,1,2125,10,0,0,6247,0
748,35026,0,1,1,1,9799,27,500,1,6247,0
749,138411,0,5,1,1,53843,14,0,0,6247,0
750,127693,0,3,1,1,17383,15,0,0,6246,1
751,52050,0,4,1,1,43190,14,0,0,6245,1
752,37162,0,1,1,1,0,0,0,0,6241,0
753,440265,4081,1,1,1,22750,15,1250,10,6234,1
754,66572,0,2,1,1,8048,14,450,2,6240,1
755,237093,0,4,1,1,42020,15,0,0,6240,0
756,79561,0,1,1,1,6333,12,400,2,6231,0
757,131528,0,2,1,1,10365,17,500,1,6227,0
758,11820,0,1,1,1,2045,5,0,0,6227,0
759,20810,0,1,1,1,1713,13,0,0,6225,0
760,189423,0,5,1,1,63584,31,600,1,6476,0
761,96477,0,1,1,1,2987,13,0,0,6221,1
762,106471,0,1,1,1,8444,5,100,1,6220,0
763,33374,0,3,1,1,20441,13,0,0,6214,1
764,210018,0,4,1,1,48914,16,0,0,6217,1
765,26740,0,1,1,1,619,7,0,0,6213,0
766,244216,0,4,1,1,39166,14,0,0,6214,0
767,76737,0,4,1,1,34648,31,0,0,6211,0
768,20999,0,3,1,1,15914,13,0,0,6206,1
769,43179,0,3,1,1,11915,6,0,0,6214,1
770,119214,0,2,1,1,10028,16,0,0,6205,1
771,14988,0,1,1,1,2100,10,0,0,6203,0
772,21334,0,1,1,1,5472,20,0,0,6200,0
773,104307,0,4,1,1,51769,24,450,1,6197,0
774,34357,0,5,1,1,73622,25,100,1,6198,1
775,231437,0,3,1,1,31266,26,1550,4,6340,0
776,14662,0,1,1,1,1110,12,0,0,6197,0
777,13144,0,3,1,1,18615,18,0,0,6196,1
778,10978,0,3,1,1,14313,11,0,0,6193,1
779,150698,0,4,1,1,43589,20,1200,4,6193,0
780,18035,0,1,1,1,811,2,0,0,6193,0
781,194604,0,2,1,1,6606,10,0,0,6190,0
782,117852,2376,1,1,1,11406,21,3850,13,6186,1
783,32356,0,3,1,1,22918,19,0,0,6571,0
784,44247,948,4,1,1,40939,26,0,0,6184,1
785,23431,0,1,1,1,3546,10,0,0,6182,0
786,37773,0,2,1,1,8436,15,0,0,6179,1
787,245758,0,1,1,1,2750,4,750,2,6179,0
788,63587,0,1,1,1,500,1,500,1,6184,0
789,15088,0,1,1,1,5625,15,0,0,6177,1
790,152539,0,5,1,1,65972,14,0,0,6187,0
791,333500,0,5,1,1,69780,23,1258,4,6171,1
792,15064,0,1,1,1,2910,9,0,0,6171,1
793,19032,0,1,1,1,2375,12,0,0,6169,0
794,66434,0,3,1,1,13041,13,0,0,6230,0
795,146097,0,2,1,1,6919,16,0,0,6165,0
796,8207,0,1,1,1,1750,7,0,0,6184,0
797,293648,0,3,1,1,22148,15,0,0,6161,0
798,147472,0,3,1,1,20645,16,0,0,6163,1
799,103993,0,3,1,1,14149,13,100,1,6158,1
800,34651,0,1,1,1,4000,6,500,1,6157,1
801,102339,0,4,1,1,47498,19,0,0,6156,0
802,149167,0,4,1,1,48521,13,0,0,6155,0
803,105249,0,4,1,1,36093,15,0,0,6153,1
804,55610,0,1,2,1,5095,13,0,0,6151,0
805,70391,0,1,1,1,6000,4,0,0,6150,1
806,74645,0,4,1,1,40367,18,0,0,6147,1
807,26939,0,4,1,1,29264,15,0,0,6148,1
808,207655,500,5,1,1,78967,31,0,0,6144,0
809,7421,0,1,1,1,0,0,0,0,6142,1
810,74924,6286,4,1,1,59650,13,0,0,6141,0
811,17599,0,1,1,1,100,1,0,0,6029,0
812,5594,0,1,1,1,370,1,0,0,5835,0
813,66122,0,3,1,1,11756,13,0,0,5630,1
814,12024,0,1,1,1,0,0,0,0,5119,0
815,42044,2253,3,1,1,11433,10,0,0,6140,1
816,83105,0,4,1,1,65077,28,753,3,6137,1
817,152063,0,4,1,1,34257,19,1100,3,6159,1
818,59546,0,3,1,1,20730,4,0,0,6135,0
819,1258,0,1,1,1,475,4,0,0,6134,0
820,75181,0,1,1,1,2455,7,1100,3,6133,0
821,68255,0,3,1,1,19077,22,400,2,6130,1
822,58229,0,5,1,1,53108,16,500,1,6137,1
823,97349,0,4,1,1,42774,14,0,0,6128,0
824,131424,0,5,1,1,58814,14,50,1,6128,1
825,24011,0,2,1,1,20442,9,0,0,6123,1
826,64538,0,1,1,1,0,0,0,0,6123,0
827,3832,0,1,1,1,1000,1,0,0,6120,0
828,3268,0,4,1,1,52263,32,0,0,6120,1
829,36790,0,1,1,1,7158,14,0,0,6133,0
830,363165,2565,1,1,1,5950,11,1850,8,6116,1
831,179382,0,1,1,1,4225,7,0,0,6115,0
832,218207,0,1,1,1,8500,4,0,0,6114,1
833,765738,0,5,1,1,62133,14,0,0,6112,1
834,54265,0,1,1,1,0,0,0,0,6109,0
835,69959,0,3,1,1,16504,13,0,0,6108,0
836,86380,2643,1,1,1,13500,3,0,0,6102,1
837,48321,0,1,1,1,0,0,0,0,6102,0
838,78130,0,4,1,1,37251,15,900,2,6120,0
839,25333,0,3,1,1,11229,16,300,2,6099,1
840,54522,0,3,1,1,21221,45,2500,5,6125,0
841,75413,0,4,1,1,31726,18,0,0,6094,0
842,292533,0,5,1,1,64186,15,1000,2,6095,1
843,114932,8559,1,1,1,3150,13,1650,12,6092,1
844,18932,0,3,1,1,24660,22,0,0,6091,1
845,35997,0,5,1,1,71171,19,900,5,6088,1
846,136664,0,4,1,1,36024,15,0,0,6086,0
847,173191,0,4,1,1,31503,13,0,0,6084,1
848,16528,0,1,1,1,250,2,0,0,6081,0
850,119932,0,3,1,1,22463,26,5177,11,6077,1
851,144171,0,4,1,1,33200,15,0,0,6073,0
852,77109,0,5,1,1,60000,7,0,0,6071,0
853,144973,0,3,1,1,23703,14,0,0,6280,0
854,75027,0,1,1,1,1390,3,500,1,6067,0
855,96387,0,4,1,1,43512,20,0,0,6065,1
856,34854,0,1,1,1,750,5,650,4,6063,0
857,44307,0,2,1,1,7944,8,0,0,6060,0
858,73836,0,5,1,1,64748,19,0,0,6087,0
859,20126,0,1,1,1,0,0,0,0,6053,0
860,56268,0,4,1,1,33447,14,100,1,6017,1
861,25629,0,4,1,5,107308,36,600,2,5966,1
862,70774,0,3,1,1,32635,31,1400,14,5931,1
863,6371,0,1,1,1,1404,8,0,0,5905,0
864,95595,0,3,1,1,12060,14,0,0,5877,0
865,51843,0,4,1,1,40997,17,0,0,5859,0
866,84868,0,4,1,1,33187,15,0,0,6057,0
867,79629,0,1,1,1,2550,2,50,1,6091,0
868,58620,0,1,1,1,2125,10,0,0,6051,0
869,70380,0,5,1,1,74399,12,0,0,6050,1
870,93473,0,3,1,1,20257,15,0,0,6049,0
871,131621,0,2,1,1,27846,31,6047,11,6045,1
872,195563,0,3,1,1,16715,13,0,0,6042,0
873,21138,0,1,1,1,4500,2,0,0,6031,1
874,93319,0,1,1,1,270,3,100,1,6043,0
875,56606,3818,4,1,1,61634,14,100,1,6039,1
876,38763,0,4,1,1,34652,13,0,0,6037,1
877,16430,0,2,1,1,8528,12,0,0,6036,1
878,61440,0,2,1,1,8156,25,0,0,6032,0
879,206648,0,1,1,1,5132,16,2450,11,6030,1
880,323273,0,1,1,1,9000,5,500,1,6028,1
881,76702,0,3,1,1,21568,17,0,0,6025,1
882,19348,0,3,1,1,17059,19,0,0,6022,1
883,31669,0,2,1,1,8384,15,0,0,6018,1
884,40902,0,1,1,1,4850,7,1350,5,6018,0
885,16906,0,1,1,1,2750,15,0,0,6017,0
886,65508,0,1,1,1,14000,7,2500,5,6015,1
887,10152,0,1,1,1,0,0,0,0,6010,0
888,21461,0,3,1,1,40806,28,0,0,6011,1
889,28979,0,2,1,1,6494,12,0,0,6010,0
890,24711,0,1,1,1,3193,11,500,1,6009,0
891,301447,0,5,1,1,63866,18,500,1,6004,1
892,234308,0,3,1,1,21078,15,200,1,6007,0
893,37832,0,1,1,1,0,0,0,0,6004,0
894,135168,0,4,1,1,29156,16,300,2,6002,0
895,134650,0,4,1,1,40232,17,2055,2,6000,0
896,20665,0,3,1,1,19947,16,0,0,5997,1
897,5546,0,1,1,1,2631,6,0,0,5995,1
898,91736,0,4,1,1,26724,14,0,0,5994,0
899,444159,0,1,1,1,0,0,0,0,5993,0
900,94167,0,1,1,1,6500,4,500,1,5990,1
901,132256,0,2,1,1,15040,24,899,3,5988,0
902,149959,0,5,1,1,85844,51,1400,4,5986,1
903,104338,0,1,1,1,2500,1,0,0,5982,0
904,38312,0,4,1,1,37419,14,0,0,5980,1
905,1860,0,1,1,1,65,2,0,0,5976,0
906,54337,0,1,1,1,2131,9,230,1,5976,0
907,218763,8753,1,1,1,11650,6,1150,3,5975,0
908,26204,967,1,1,1,4030,6,2930,4,5989,0
909,27876,0,1,1,1,0,0,0,0,5972,0
910,115533,0,2,1,1,8867,15,0,0,5968,0
911,129412,0,5,1,1,62510,21,0,0,5982,0
912,172110,9325,5,1,1,21382,23,950,3,5944,1
913,143378,0,1,1,1,3000,4,1500,3,5905,0
914,120476,0,2,1,1,9406,14,0,0,5870,0
915,15835,0,2,1,5,112171,16,0,0,5825,1
916,289351,0,5,1,1,147787,35,500,1,5789,1
917,32141,0,1,1,1,3500,14,0,0,5768,0
918,967,0,1,1,1,980,2,0,0,5716,0
919,20281,0,1,1,1,0,0,0,0,5567,0
920,111072,0,4,1,1,50533,19,350,1,5541,0
921,2111,0,1,1,1,100,1,0,0,5962,0
922,322454,0,4,1,1,44591,23,250,1,5961,1
923,4600,0,1,1,1,140,1,0,0,5959,0
924,23390,0,1,1,1,1650,3,150,1,5958,0
925,210496,0,1,1,1,9022,24,4900,19,5953,1
926,40189,0,1,1,1,0,0,0,0,5952,1
927,21747,0,1,1,1,0,0,0,0,5638,1
928,212051,0,5,1,1,76256,23,2993,6,5523,0
929,266200,0,1,1,1,5000,1,0,0,5583,0
930,54148,0,4,1,1,40233,14,350,1,5949,1
931,25512,0,1,1,1,0,0,0,0,5393,0
932,28519,0,1,1,1,2125,2,0,0,5405,0
933,219387,0,5,1,1,105913,21,150,2,5951,1
934,163964,0,3,1,1,11385,11,0,0,5948,1
935,49736,0,1,1,1,3200,4,700,3,6038,0
936,10084,0,1,1,1,500,1,500,1,5946,1
937,22988,0,2,1,1,9347,14,1200,4,5944,1
938,17739,0,1,1,1,437,4,0,0,5941,0
939,152426,0,1,1,1,6000,6,2000,4,5939,0
940,34428,0,1,1,1,2625,10,0,0,5938,0
941,124030,0,5,1,1,61599,16,0,0,5934,1
942,17336,0,1,1,1,2375,12,0,0,5934,0
943,290012,0,5,1,1,64360,18,650,2,5931,1
944,29125,0,3,1,1,10930,14,0,0,5945,0
945,83848,0,4,1,1,28202,14,0,0,5927,0
946,133264,0,5,1,1,74067,21,0,0,5926,1
947,124869,0,3,1,1,30116,16,0,0,5924,0
948,39233,0,4,1,1,27545,13,0,0,5920,1
949,13050,0,3,1,1,13617,16,0,0,5920,1
950,90855,0,3,1,1,23992,13,0,0,5919,0
951,44824,0,1,3,1,21107,19,2000,4,5916,1
952,3663,0,1,1,1,894,10,0,0,5916,1
953,44293,0,3,1,1,21920,21,100,1,5913,1
954,31319,0,1,1,1,7552,5,0,0,5912,0
955,40757,0,3,1,1,14002,11,0,0,5912,0
956,130356,0,1,1,1,150,1,150,1,5910,0
957,125077,0,3,1,1,21881,14,0,0,5905,0
958,226826,0,5,1,1,91660,21,500,1,5906,0
959,38150,0,3,1,1,16688,15,0,0,5854,1
960,20342,0,1,1,1,3291,9,0,0,5829,0
961,45781,0,2,1,1,6498,13,0,0,5801,0
962,144525,0,1,1,1,2833,4,0,0,5785,0
963,37571,0,2,1,1,7197,15,0,0,5762,0
964,112013,0,3,1,1,24943,14,0,0,5734,0
965,30638,0,3,1,1,48963,16,0,0,5696,1
966,55997,0,5,1,1,68320,23,0,0,5899,1
967,11447,0,1,1,1,1945,13,0,0,5902,0
968,17778,0,1,1,1,0,0,0,0,5897,0
969,13375,4301,4,1,1,15732,43,9200,28,5916,1
970,118572,0,3,1,1,21426,19,0,0,5892,0
971,13720,0,1,1,1,0,0,0,0,5884,0
972,11030,0,1,1,1,0,0,0,0,5884,0
973,8651,0,4,1,1,41586,22,950,5,5882,1
974,281626,0,5,1,1,53521,16,0,0,5878,0
975,26367,0,3,1,1,19649,15,0,0,5874,1
976,120945,0,1,1,1,4300,4,300,2,5871,1
977,2843,0,4,1,1,44130,35,7450,20,5869,1
978,11782,0,1,1,1,0,0,0,0,5864,0
979,89480,0,1,1,1,2946,4,1946,3,5902,1
980,20702,0,4,1,1,30451,24,1100,5,5856,1
981,15108,0,1,1,1,2850,16,0,0,5876,0
982,24917,0,3,1,1,16239,13,150,1,5857,1
983,132910,0,5,1,1,75540,46,250,1,5856,1
984,61227,0,2,1,1,6957,10,0,0,5647,0
985,2117,0,1,1,1,769,7,0,0,5609,0
986,38964,0,3,1,1,35166,26,3200,8,5553,1
987,20498,0,1,1,1,7826,20,7226,18,5491,0
988,131554,0,5,1,1,64937,15,0,0,5428,1
989,55661,0,3,1,1,15107,13,0,0,5387,0
990,84949,0,4,1,1,41854,15,0,0,5336,0
991,139897,0,3,1,1,21065,28,50,1,5329,0
992,155587,0,1,1,1,6893,9,0,0,5279,0
993,24310,0,1,1,1,2815,6,0,0,5266,0
994,106115,0,3,1,1,16197,21,500,1,5219,0
995,238641,0,5,1,1,61971,15,850,2,5849,1
996,70671,0,1,1,1,0,0,0,0,5850,0
997,31593,0,1,1,1,3128,12,0,0,5846,1
998,101397,0,3,1,1,19173,12,0,0,5847,0
999,133052,0,3,1,1,17424,15,0,0,5843,0
1000,37252,0,3,1,1,15774,19,0,0,5842,0
1001,15241,0,1,1,1,0,0,0,0,5840,0
1002,21101,0,1,1,1,7171,32,0,0,5839,1
1003,80612,0,4,1,1,32334,20,0,0,5839,0
1004,45542,0,5,1,1,59012,14,0,0,5835,1
1005,5274,0,1,1,1,2074,11,0,0,5834,1
1006,101089,0,3,1,1,23503,17,0,0,5834,0
1007,7560,0,1,1,1,0,0,0,0,5833,0
1008,255797,0,5,1,1,62107,16,0,0,5832,1
1009,192046,0,4,1,1,54818,52,1200,3,5829,0
1010,370596,0,5,1,1,50120,12,0,0,5826,0
1011,141491,0,5,1,1,63060,6,0,0,5827,0
1012,89527,0,3,1,1,22206,14,0,0,5821,1
1013,330644,0,1,1,1,0,0,0,0,5822,0
1014,49430,0,4,1,1,31471,16,0,0,5822,0
1015,114070,0,2,1,1,16293,24,250,1,5818,0
1016,124004,0,2,1,1,9982,12,0,0,5815,0
1017,10497,0,1,1,1,0,0,0,0,5815,0
1018,8327,0,1,1,1,2900,4,150,1,5814,1
1019,25463,0,2,1,1,7973,14,0,0,5813,0
1020,85036,0,4,1,1,43825,21,0,0,5807,1
1021,11449,0,1,1,1,24415,11,0,0,5864,1
1022,54392,0,1,1,1,0,0,0,0,5807,0
1023,52577,0,1,1,1,441,12,0,0,5804,0
1024,80174,0,1,1,1,500,1,0,0,5804,1
1025,96827,1094,1,1,1,12100,19,8100,17,5801,0
1026,9489,0,1,1,1,5359,14,0,0,5807,1
1027,57587,0,1,1,1,2620,6,0,0,5799,1
1028,131306,0,3,1,1,32115,15,0,0,5797,0
1029,39985,0,3,1,1,15103,21,0,0,5794,0
1030,71627,0,1,1,1,3225,9,600,2,5793,0
1031,161396,0,3,1,1,26695,11,1000,2,5792,0
1032,81300,0,1,1,1,3750,5,250,3,5791,0
1033,66015,0,2,1,1,26706,30,2676,7,5790,1
1034,7800,0,1,1,1,200,1,0,0,5787,0
1035,27348,0,1,1,1,3084,4,0,0,5824,0
1036,153554,0,1,1,1,11786,6,1750,4,5784,1
1037,42990,0,1,1,1,5345,3,0,0,5804,0
1038,16664,0,1,1,1,0,0,0,0,5778,1
1039,37618,0,3,1,1,17385,7,0,0,5818,0
1040,53384,0,3,1,1,16907,12,0,0,5778,0
1041,43326,0,1,1,1,1100,7,1100,7,5776,0
1042,113683,0,3,1,1,11821,12,0,0,5773,0
1043,77930,0,4,1,1,37541,35,3600,18,5773,1
1044,27625,0,3,1,1,27799,16,500,1,5772,1
1045,33835,0,1,1,1,2280,7,1000,2,5771,0
1046,170049,3692,2,1,1,10232,16,750,2,5770,0
1047,154664,0,4,1,3,73881,33,0,0,5769,0
1048,36935,0,4,1,1,34448,17,0,0,5766,1
1049,67904,0,1,1,1,81,1,0,0,5764,0
1050,57434,0,2,1,1,11140,16,0,0,5770,1
1051,11031,0,1,1,1,1600,5,0,0,5762,0
1052,78268,0,1,1,1,6172,13,500,1,5758,0
1053,98213,0,5,1,1,68013,29,0,0,5755,1
1054,9430,0,3,1,1,11323,13,0,0,5756,1
1055,5195,0,1,1,1,33050,3,50,1,5755,1
1056,9793,0,1,1,1,3100,2,0,0,5755,0
1057,34690,0,3,1,1,18124,14,0,0,5752,1
1058,138368,0,5,1,1,68663,13,0,0,5755,0
1059,63547,0,4,1,1,31745,14,0,0,5748,0
1060,217130,0,4,1,1,51202,20,0,0,5745,0
1061,14106,0,1,1,1,475,4,0,0,5749,0
1062,44026,0,2,1,1,12282,18,634,1,5738,0
1063,62183,1896,4,1,1,38635,18,0,0,5738,1
1064,165534,0,5,1,1,71312,18,1000,2,5736,1
1065,45358,0,3,1,1,14507,9,0,0,5735,0
1066,72325,0,5,1,1,56792,16,0,0,5731,1
1067,190285,0,5,1,1,69262,16,348,1,5728,0
1068,235567,0,3,1,1,16106,15,0,0,5728,0
1069,305519,0,5,1,1,79216,27,650,3,5724,1
1070,161546,0,1,1,1,8042,6,600,2,5722,0
1071,38884,0,1,1,1,2850,13,500,1,5729,0
1072,42040,1000,1,1,1,14189,17,4034,13,5717,1
1073,96988,0,2,1,1,7761,14,0,0,5715,0
1074,24394,0,1,1,1,3250,3,250,1,5713,1
1075,354641,0,5,1,1,77694,29,3600,9,5710,1
1076,39313,0,3,1,1,24091,16,0,0,5706,1
1077,468,0,1,1,1,26650,14,550,3,5708,1
1078,146014,0,4,1,1,26366,17,700,3,5822,0
1079,42999,0,4,1,1,33801,12,350,1,5653,1
1080,37163,0,3,1,1,19318,14,0,0,4988,0
1081,6158,0,4,1,1,27754,14,0,0,5546,1
1082,108904,0,3,1,1,19931,17,0,0,5255,0
1083,25168,0,1,1,1,500,1,500,1,5547,0
1084,68454,0,3,1,1,13667,12,0,0,5559,0
1085,70877,0,2,1,1,8956,15,0,0,5696,0
1086,1057,0,1,1,1,433,5,0,0,5622,0
1087,35342,0,5,1,1,70454,12,0,0,5534,1
1088,16992,0,1,1,1,0,0,0,0,5582,0
1089,2558,0,1,1,1,6264,10,0,0,5581,1
1090,196093,0,1,1,1,14000,3,0,0,5595,1
1092,269558,0,1,1,1,10000,1,0,0,5472,1
1093,88500,0,1,1,1,2500,2,0,0,5090,0
1094,8719,0,1,1,1,2000,9,0,0,5671,0
1095,36936,0,1,1,1,2875,16,0,0,5492,1
1096,427357,0,2,1,1,6027,12,0,0,5587,1
1097,258422,0,4,1,1,48708,17,0,0,5657,0
1098,75428,0,2,1,1,7539,14,0,0,5609,0
1099,34383,0,3,1,1,22956,12,0,0,5611,1
1100,82120,0,1,1,1,8000,3,0,0,5619,0
1101,34546,0,1,1,1,1500,2,0,0,5612,0
1102,92641,0,1,1,1,5265,6,0,0,5568,0
1103,95100,0,1,1,1,1250,3,1250,3,5671,0
1104,19960,0,1,1,1,0,0,0,0,4896,0
1105,47150,0,4,1,1,39561,18,0,0,5577,1
1106,1650,0,1,1,1,1250,3,250,1,5554,1
1107,100992,0,1,1,1,8144,16,409,2,5422,1
1108,68610,0,2,1,1,6115,12,0,0,5349,1
1109,75684,0,2,1,1,27320,9,0,0,5316,0
1110,42438,0,1,1,1,519,10,0,0,5349,0
1111,17645,0,4,1,1,60978,20,0,0,5660,1
1112,24545,0,1,1,1,0,0,0,0,5671,0
1113,84633,0,3,1,1,10771,10,0,0,5479,0
1114,103891,1388,5,1,1,140573,21,1150,3,5699,1
1115,39847,0,5,1,1,95918,38,150,1,5694,1
1116,47938,0,3,1,1,12656,13,0,0,5708,0
1117,88929,0,4,1,1,44932,20,650,2,5694,1
1118,129866,0,5,1,1,66150,30,0,0,5692,0
1119,22585,0,1,1,1,3430,3,0,0,5689,0
1120,47394,0,2,1,1,31347,19,2150,5,5688,1
1121,73640,0,2,1,1,10192,14,0,0,5156,0
1122,247743,0,4,1,1,51296,20,500,1,5087,0
1123,295008,0,5,1,1,136704,27,0,0,5028,1
1124,117543,4116,4,1,1,32355,21,600,2,4954,0
1125,102803,0,5,1,1,90605,20,0,0,5701,0
1126,89945,0,2,1,1,14218,16,350,1,5680,0
1127,739476,0,1,1,1,24215,8,322,1,5678,1
1128,69337,0,3,1,1,17740,13,0,0,5667,0
1129,140866,0,3,1,1,15906,17,0,0,5672,0
1130,25634,2505,1,1,1,0,0,0,0,5663,0
1131,82078,0,4,1,1,40279,9,0,0,5664,0
1132,33327,0,1,1,1,1000,1,0,0,5664,0
1133,95783,0,3,1,1,14506,13,0,0,5659,0
1134,27591,0,1,1,1,8209,34,1800,16,5659,0
1135,82114,0,5,1,1,58335,15,0,0,5658,1
1136,15917,2586,5,1,1,105449,25,200,2,5653,1
1137,140511,0,4,1,1,32105,16,0,0,5651,0
1138,375927,0,2,1,1,18202,30,1100,3,5652,1
1139,28223,0,2,1,1,8625,12,0,0,5651,0
1140,33129,0,3,1,1,30775,14,500,1,5647,0
1141,1625,0,1,1,1,1375,4,0,0,1547,0
1142,52819,0,4,1,1,37535,15,1000,2,5645,1
1143,3507,1745,1,1,1,14500,7,0,0,5643,1
1144,14769,0,1,1,1,500,1,0,0,5639,0
1145,37215,0,2,1,1,8199,8,0,0,5637,0
1146,115655,0,4,1,1,64968,21,500,1,5631,1
1147,179251,0,3,1,1,14775,16,200,2,5629,1
1148,24418,0,2,1,1,12533,13,0,0,5626,1
1149,34562,0,1,1,1,1770,9,250,3,5622,0
1150,144570,0,4,1,1,49052,15,0,0,5617,1
1151,24813,0,1,1,1,4066,10,0,0,5225,0
1152,48803,0,5,1,1,72129,14,0,0,5107,1
1153,22116,0,3,1,1,20809,14,0,0,5463,1
1154,8516,0,1,1,1,0,0,0,0,5566,0
1155,36079,0,3,1,1,22506,22,150,1,5323,0
1156,16872,0,1,1,1,28964,7,0,0,5479,1
1157,62895,0,1,1,1,8500,4,0,0,5520,1
1158,7383,0,1,1,1,7225,11,2750,7,5238,1
1159,2261,0,1,1,1,15062,2,0,0,5556,1
1160,66950,0,1,1,1,17303,20,2000,8,5464,1
1161,84856,0,1,2,1,6894,13,0,0,5547,0
1162,71128,2919,1,1,1,17950,17,4450,11,5162,1
1163,39654,0,1,1,1,1625,6,0,0,5518,0
1164,25214,0,1,1,1,1000,1,0,0,5598,0
1165,48775,0,3,1,1,17494,15,0,0,5588,0
1166,81952,0,5,1,1,64754,22,0,0,5427,1
1167,46535,0,3,1,1,25891,14,150,1,5399,1
1168,23130,0,1,1,1,5032,10,0,0,5500,0
1169,100443,0,3,1,1,12744,21,0,0,5492,0
1170,139664,0,5,1,1,63706,14,0,0,5505,0
1171,31769,0,1,1,1,0,0,0,0,5464,0
1172,60170,0,3,1,1,17235,14,0,0,5351,1
1173,33373,0,1,1,1,0,0,0,0,5427,0
1174,59385,0,3,1,1,22914,11,0,0,5476,0
1175,210040,0,5,1,1,77333,39,0,0,5517,0
1176,23379,0,2,1,1,11712,25,0,0,5499,1
1177,22372,0,3,1,1,14766,12,0,0,4950,0
1178,23120,0,1,1,1,4231,7,0,0,5615,0
1179,46157,0,1,1,1,1625,3,500,1,5609,0
1180,94896,0,4,1,1,38127,15,500,1,5602,1
1181,12091,0,4,1,1,29271,15,0,0,5609,1
1182,56451,0,2,1,1,9302,11,0,0,5597,1
1183,106309,0,3,1,1,21873,22,1200,4,5594,1
1184,121853,0,3,1,1,18120,18,2000,4,5589,0
1185,4137,0,3,1,1,15891,19,0,0,5588,1
1186,21676,0,3,1,1,15392,15,100,1,5584,1
1187,36644,0,3,1,1,14506,13,0,0,5583,0
1188,77102,0,3,1,1,13175,20,1850,6,5581,0
1189,32214,11148,3,1,1,12717,10,0,0,5576,1
1190,42351,0,4,1,1,28959,14,0,0,5594,0
1191,34450,0,1,1,1,26996,7,0,0,5566,0
1192,4151,0,1,1,1,375,3,0,0,5570,0
1193,60646,888,5,1,1,57011,18,50,1,5559,1
1194,44331,0,1,1,1,2850,3,350,1,5555,1
1195,76742,0,3,1,1,17910,13,0,0,5547,0
1196,27993,0,1,1,1,6000,3,0,0,5542,0
1197,67770,0,3,1,1,23960,15,0,0,5539,0
1198,30554,0,4,1,1,38243,25,0,0,5324,1
1199,123646,0,1,1,1,12450,30,2450,29,5069,1
1200,837979,0,1,1,1,18372,15,1450,4,5373,1
1201,6584,0,1,1,1,0,0,0,0,5118,0
1202,17489,0,1,1,1,5565,4,0,0,5380,0
1203,28941,0,1,1,1,2935,6,0,0,4692,0
1204,19085,0,1,1,1,827,11,0,0,5244,0
1205,56480,0,4,1,1,35841,31,500,1,5401,1
1206,8320,0,1,1,1,0,0,0,0,5164,0
1207,13640,0,1,1,1,1500,5,0,0,4923,0
1208,14739,0,1,1,1,1800,4,800,3,5332,1
1209,30594,0,1,1,1,3250,12,0,0,5017,0
1210,11162,0,1,1,1,0,0,0,0,4950,0
1211,15964,0,1,1,1,0,0,0,0,5325,0
1213,5583,0,1,1,1,3147,14,0,0,5365,1
1214,38822,0,1,1,1,2000,9,0,0,5304,0
1215,2305,0,1,1,1,0,0,0,0,5105,0
1216,39372,0,1,1,1,4296,10,0,0,5190,0
1217,25125,0,1,1,1,1875,8,0,0,5147,1
1218,10288,0,1,1,1,1250,3,0,0,5532,0
1219,135149,0,1,1,1,15300,19,3800,17,5267,1
1220,4916,0,1,1,1,900,3,800,2,5107,1
1221,163976,0,4,1,1,39098,18,2594,4,4922,0
1222,207021,0,1,1,1,3600,4,100,1,5412,0
1223,104442,0,4,1,1,38180,23,1450,5,5029,0
1224,131992,0,3,1,1,12504,16,0,0,5372,0
1225,2278,0,1,1,1,0,0,0,0,5175,0
1226,34086,0,3,1,1,19669,18,1500,3,5344,1
1227,8740,0,1,1,1,1250,3,0,0,5395,0
1228,241918,0,4,1,1,40945,13,0,0,5379,0
1229,26748,0,3,1,1,11981,14,0,0,5408,1
1230,65969,0,1,1,1,2550,5,1050,3,5419,0
1231,10009,0,1,1,1,0,0,0,0,5353,0
1232,378759,0,1,1,1,28904,9,2303,4,5408,1
1233,40965,10098,1,1,1,9850,11,1850,6,5429,1
1234,57509,0,4,1,1,52449,19,150,1,5441,1
1235,71503,0,1,1,1,7819,17,0,0,5080,1
1236,110247,0,3,1,1,13690,16,0,0,5272,0
1237,83572,745,5,1,1,101110,27,1700,5,5231,1
1238,106234,5124,2,1,1,11160,26,0,0,5238,0
1239,28205,0,5,1,1,101685,16,0,0,5267,1
1240,7239,0,3,1,1,15835,15,0,0,5343,1
1241,63638,0,1,1,1,0,0,0,0,5155,0
1242,31967,0,1,1,1,1600,4,350,2,5101,0
1243,97752,0,1,1,1,3676,10,0,0,5309,0
1244,8327,0,1,1,1,0,0,0,0,5268,0
1245,10179,0,2,1,1,5321,15,0,0,4989,1
1246,23786,0,1,1,1,16950,4,0,0,5364,0
1247,33020,0,1,1,1,6155,25,1500,3,5322,0
1248,35316,0,1,1,1,1250,4,500,1,5330,0
1249,146086,0,1,1,1,6950,17,6950,17,5345,0
1250,15352,0,1,1,1,1350,4,0,0,5359,0
1251,13522,0,1,1,1,5000,1,0,0,5162,0
1252,13949,0,1,1,1,0,0,0,0,5374,0
1253,99405,0,1,1,1,14150,11,2150,9,5400,1
1254,50016,0,3,1,1,13495,14,0,0,4548,0
1255,23696,0,2,1,1,5577,10,0,0,5531,0
1256,55384,967,1,1,1,0,0,0,0,5309,0
1257,166465,0,4,1,4,98717,30,0,0,5531,0
1258,95207,0,3,1,1,30652,30,2348,8,5531,1
1259,80431,0,1,1,1,2150,2,150,1,5531,0
1260,49288,0,3,1,1,12538,19,600,2,5353,1
1261,81291,0,2,1,1,10522,14,1430,1,5154,0
1262,48877,0,2,1,1,11761,35,371,2,5371,1
1263,164884,0,4,1,1,35226,18,1734,2,5283,1
1264,29707,0,1,1,1,300,3,0,0,5275,0
1265,26325,0,2,1,1,14559,20,1310,2,5521,1
1266,28553,0,3,1,1,13844,5,0,0,5517,0
1267,152421,0,3,1,1,17045,20,500,1,5510,0
1268,17699,0,1,1,1,0,0,0,0,5505,1
1269,70565,2408,1,1,1,25261,15,750,2,5499,1
1270,15450,0,1,1,1,50,1,50,1,5499,0
1271,71736,0,5,1,1,53602,25,50,1,5485,1
1272,37926,0,3,1,1,25153,7,0,0,5845,0
1273,58628,0,3,1,1,22581,13,0,0,5471,0
1274,31007,0,1,1,1,5700,6,1200,4,5465,1
1275,11494,0,1,1,1,8425,15,4700,11,5487,1
1276,27469,0,1,1,1,1,3,0,0,5461,0
1277,44760,0,1,1,1,3105,6,100,2,5455,0
1278,7210,0,1,1,1,2402,13,0,0,5449,1
1279,92402,0,4,1,1,40825,14,0,0,5443,1
1280,22831,0,1,1,1,4500,15,0,0,5442,1
1281,59113,0,4,1,1,46808,32,0,0,5435,1
1282,24608,0,5,1,1,62774,21,0,0,5430,1
1283,16103,0,1,3,1,10819,13,0,0,5427,0
1284,51261,0,1,1,1,2000,4,2000,4,4904,1
1285,24698,0,1,1,1,1329,5,500,1,4267,0
1286,88177,0,5,1,1,53468,19,400,1,5080,1
1287,74453,0,1,1,1,5500,3,0,0,5181,0
1288,39601,0,1,1,1,4066,12,0,0,5434,0
1289,1227,0,1,1,1,0,0,0,0,5786,0
1290,138254,0,1,1,1,24100,9,0,0,5420,1
1291,18046,0,1,1,1,162,4,0,0,5416,1
1292,108395,0,2,1,1,8598,8,0,0,5416,0
1293,21839,0,1,1,1,1375,4,0,0,5411,0
1294,11542,0,4,1,1,49100,16,1500,3,5405,1
1295,41648,0,4,1,1,32117,35,2200,5,5408,1
1296,39908,0,4,1,1,45824,29,0,0,5394,1
1297,14889,0,1,1,1,1500,2,0,0,5393,0
1298,103796,0,5,1,1,63335,26,250,1,5021,1
1299,69323,0,1,1,1,5140,2,0,0,4786,0
1300,21599,0,2,1,1,5561,13,0,0,5302,0
1301,60936,0,5,1,1,56381,17,0,0,5051,1
1302,148053,0,1,1,1,10250,2,250,1,5301,1
1303,10702,0,1,1,1,200,2,200,2,5272,0
1304,249,0,1,1,1,1000,1,0,0,5204,1
1305,36290,0,1,1,1,8600,13,2600,9,5111,1
1306,157416,0,5,1,1,67795,16,0,0,5132,0
1307,1511,0,1,1,1,2250,11,0,0,5051,1
1308,184701,0,4,1,1,45629,13,500,1,4989,0
1309,139298,0,1,1,1,0,0,0,0,4965,0
1310,82380,0,1,1,1,2601,13,0,0,5071,0
1311,115591,867,1,1,1,9500,20,2500,16,4967,1
1312,107333,0,1,1,1,4374,5,1874,4,5063,0
1313,737514,0,3,1,4,43993,40,2150,7,5030,0
1314,23023,0,1,1,1,0,0,0,0,5087,0
1315,43403,1846,1,1,1,3350,12,3350,12,3930,1
1316,15719,0,2,1,1,5740,13,0,0,4974,0
1317,128676,0,1,1,1,8500,3,0,0,5164,0
1318,8836,0,1,1,1,4788,6,808,3,4544,1
1319,94875,0,5,1,1,58314,25,800,7,4736,1
1320,27243,0,2,1,1,6785,12,0,0,4606,0
1321,64969,0,1,1,1,1135,13,0,0,4996,0
1322,6112,0,1,1,1,0,0,0,0,5072,0
1323,71784,0,4,1,1,39276,20,0,0,4936,0
1324,31484,0,1,1,1,3125,11,0,0,4117,0
1325,17995,0,1,1,1,0,0,0,0,4994,0
1326,40994,0,4,1,1,26916,15,500,1,5078,1
1327,286101,1000,5,1,1,72965,31,3000,11,4666,1
1328,205219,0,4,1,1,30347,19,0,0,4792,0
1329,74777,0,2,1,1,20630,8,0,0,5384,1
1330,218191,0,3,1,1,24630,17,0,0,5240,0
1331,22132,0,1,1,1,0,0,0,0,5150,0
1332,83508,1514,1,1,1,11268,13,2176,2,5069,1
1333,88122,0,3,1,1,19408,13,0,0,5174,0
1334,152284,0,5,1,1,77045,38,1648,10,4996,1
1335,4146,0,1,1,1,3750,9,0,0,5210,1
1336,25272,0,1,1,1,0,0,0,0,5189,0
1337,21855,0,1,1,1,200,3,0,0,5383,0
1338,63454,0,4,1,1,49068,13,0,0,5383,1
1339,24292,0,2,1,1,6558,10,0,0,5276,1
1340,60168,0,4,1,1,44133,16,0,0,4313,1
1341,9554,0,1,1,1,2710,3,0,0,5064,1
1342,30130,0,2,1,1,9192,15,0,0,4993,1
1343,12665,0,1,1,1,4125,24,0,0,4539,0
1344,9860,0,1,1,1,99,1,99,1,5055,0
1345,10069,0,1,1,1,200,1,0,0,4933,0
1346,2224,0,1,1,1,0,0,0,0,5098,0
1347,40576,0,1,1,1,0,0,0,0,5118,0
1348,5667,0,1,1,1,5667,4,0,0,4937,0
1349,59791,0,1,1,1,3254,7,0,0,4602,0
1350,128664,8019,4,1,1,44298,16,50,1,5155,1
1351,126947,0,1,1,1,2350,2,350,1,5167,0
1352,189235,0,3,1,1,20487,20,0,0,5282,0
1353,38604,0,1,1,1,625,5,0,0,5184,0
1354,73008,0,3,1,1,12930,18,0,0,5050,0
1355,62942,500,1,1,1,4752,8,2121,6,5070,0
1356,33057,763,1,1,1,5190,5,0,0,4828,0
1357,42572,0,3,1,1,21809,14,100,1,5070,1
1358,38671,0,1,1,1,2200,9,1000,5,5192,0
1359,5320,0,1,1,1,2275,9,0,0,5084,0
1360,228529,0,2,1,1,24687,14,500,1,4924,1
1361,46272,0,1,1,1,5720,10,800,3,5092,1
1362,113758,0,3,1,1,12616,14,0,0,5199,0
1363,105458,0,1,1,1,750,4,700,2,4924,0
1364,39946,0,3,1,1,16951,14,0,0,5282,1
1365,92859,0,4,1,1,33378,15,0,0,5185,1
1366,25158,0,5,1,1,52278,17,0,0,5079,1
1367,82270,0,2,1,1,24612,6,0,0,5270,1
1368,97155,0,2,1,1,10004,3,0,0,5244,0
1369,153197,0,2,1,1,14712,17,100,1,5189,0
1370,55864,0,1,1,1,3691,6,500,1,5251,1
1371,23890,0,4,1,1,35574,19,0,0,5031,1
1372,46545,1000,1,1,1,0,0,0,0,5066,0
1373,7354,0,1,1,1,0,0,0,0,5050,0
1374,45031,0,1,1,1,1000,1,0,0,5227,0
1375,16125,0,3,1,1,23288,17,0,0,5210,1
1376,200,0,1,1,1,200,1,200,1,5254,0
1377,195754,0,5,1,1,98535,40,2550,9,5202,1
1378,54189,0,2,1,1,8940,17,0,0,4791,0
1379,15439,0,1,1,1,490,3,0,0,5147,0
1380,56308,0,1,1,1,2500,3,1000,2,4688,0
1381,1000,0,1,1,1,0,0,0,0,4769,0
1382,45412,0,1,1,1,1100,3,1100,3,5163,0
1383,21582,0,3,1,1,10811,15,0,0,4695,1
1384,16866,0,1,1,1,0,0,0,0,5072,0
1385,86011,0,4,1,1,31769,18,0,0,5381,1
1386,31786,0,1,1,1,2661,10,0,0,5380,0
1387,16994,0,1,1,1,1550,3,1050,2,5379,1
1388,5824,0,1,1,1,0,0,0,0,5401,0
1389,17587,0,1,1,1,17587,7,0,0,5367,0
1390,1000,0,1,1,1,0,0,0,0,5367,0
1392,91670,0,4,1,1,48193,17,1000,2,5365,1
1393,92800,0,5,1,1,62042,23,350,1,5358,1
1394,31134,0,3,1,1,20108,17,0,0,5352,0
1395,57002,0,1,1,1,2570,13,0,0,5350,0
1396,66516,0,4,1,1,45406,16,200,1,5311,0
1397,18154,0,1,2,1,7748,16,0,0,5310,1
1398,320997,2556,5,1,1,82255,24,0,0,5345,1
1399,14345,0,4,1,1,50752,16,0,0,5487,1
1400,43603,0,1,1,1,17100,4,100,1,5335,1
1401,1836,0,1,1,1,850,4,350,3,5329,0
1402,156041,0,2,1,1,5644,13,0,0,5324,1
1403,49145,0,1,2,1,12755,22,2450,7,5323,0
1404,11648,0,1,1,1,475,4,0,0,5318,0
1405,14525,0,1,1,1,4625,28,0,0,5317,0
1406,10689,0,1,1,1,2750,15,0,0,5315,0
1407,37552,0,1,1,1,100,1,0,0,5340,0
1408,210350,0,5,1,1,56754,14,0,0,5302,0
1409,26156,0,3,1,1,23831,16,0,0,5297,1
1410,32061,0,1,1,1,1100,6,0,0,5295,0
1411,355145,0,5,1,1,61926,29,806,8,5288,0
1412,6000,0,1,1,1,0,0,0,0,5286,0
1413,30892,0,3,1,1,11474,11,0,0,5283,0
1414,29263,0,3,1,1,15184,13,0,0,5279,0
1415,221432,0,4,1,1,31975,21,0,0,5275,0
1416,43761,0,1,1,1,5398,16,0,0,5268,0
1417,21393,0,1,1,1,5040,2,0,0,5262,0
1418,108950,0,1,1,1,3300,9,3300,9,5259,1
1419,25089,0,4,1,1,40763,19,550,2,5259,1
1420,77709,0,4,1,1,36028,19,100,2,5253,1
1421,22533,1000,4,1,1,22206,17,100,1,5248,1
1422,25302,0,3,1,1,11312,13,0,0,5245,0
1423,11908,0,1,1,1,0,0,0,0,5240,0
1424,176982,0,1,1,1,2299,9,0,0,5234,0
1425,8723,0,5,1,1,77923,15,0,0,5231,1
1426,9071,0,1,1,1,1647,9,0,0,5225,0
1427,144848,0,4,1,1,37056,15,0,0,5219,0
1428,130364,0,5,1,1,62083,15,250,1,5213,1
1429,15592,4924,4,1,1,37173,13,0,0,5209,1
1430,25404,0,1,1,1,2125,7,500,1,5203,0
1431,34584,0,1,1,1,6962,21,1500,7,5202,1
1432,32313,0,4,1,1,29188,27,0,0,5397,1
1433,168897,0,4,1,1,37451,24,400,2,5189,0
1434,68891,1697,4,1,1,37257,14,500,1,5178,1
1435,18068,0,1,1,1,0,0,0,0,5174,0
1436,137134,0,5,1,1,92740,20,0,0,5170,0
1437,26561,0,1,1,1,100,1,0,0,4926,1
1438,22093,0,3,1,1,14857,11,200,1,2587,0
1439,58538,1739,4,1,1,48670,19,500,2,4352,1
1440,29667,0,1,1,1,5304,19,0,0,4841,0
1441,88093,0,3,1,1,15518,13,343,1,4660,0
1442,472241,500,1,1,1,3600,12,3500,11,5045,1
1443,62569,0,4,1,1,33765,19,50,1,4888,1
1444,20982,0,4,1,1,44238,18,0,0,4716,1
1445,44665,0,1,1,1,333,2,333,2,3601,0
1446,22639,0,1,1,1,1840,4,0,0,5168,0
1447,120152,0,1,1,1,6250,27,3750,26,4497,1
1448,51402,0,1,1,1,4375,14,0,0,4978,0
1449,32749,0,1,1,1,450,3,450,3,5050,1
1450,170309,0,5,1,1,66546,20,4130,4,5009,1
1451,18924,0,1,1,1,4000,18,0,0,5168,0
1452,61919,0,4,1,1,39163,14,350,1,5157,1
1453,193547,0,1,1,1,3544,12,0,0,5153,0
1454,57927,0,1,1,1,1500,3,1500,3,5149,1
1455,161321,0,5,1,1,59645,21,0,0,5147,0
1456,66936,2370,1,1,1,3450,5,950,4,5147,0
1457,72178,0,1,1,1,2100,10,0,0,5139,1
1458,33964,0,1,1,1,300,3,0,0,5128,0
1459,94272,0,3,1,1,11098,16,0,0,5121,0
1460,53360,0,1,1,1,7251,5,6251,4,5120,1
1461,3578,0,1,1,1,0,0,0,0,5114,0
1462,29342,0,2,1,1,5835,4,0,0,5153,0
1463,28228,0,3,1,1,12948,13,300,1,5108,1
1464,118601,0,5,1,1,51240,19,0,0,5105,0
1465,24660,0,2,1,1,7206,14,0,0,5136,1
1466,147822,0,4,1,1,42469,18,0,0,5107,1
1467,190208,0,4,1,1,37122,38,1800,6,5091,0
1468,2625,0,1,1,1,125,1,0,0,5087,0
1469,49438,0,4,1,1,33912,14,0,0,5085,1
1470,24930,0,3,1,1,13060,9,0,0,5084,0
1471,89835,0,2,1,1,9058,11,0,0,5080,0
1472,46734,0,2,1,1,10007,18,0,0,5080,0
1473,315273,0,1,1,1,12584,9,4084,4,5079,1
1474,50,0,1,1,1,50,1,50,1,5073,0
1475,97416,0,5,1,1,63679,29,0,0,5093,0
1476,127768,0,5,1,1,65264,21,250,1,5064,1
1477,139882,0,4,1,1,47089,15,0,0,4859,0
1478,10740,0,1,1,1,0,0,0,0,4926,0
1479,57330,0,1,1,1,380,3,0,0,4986,0
1480,33560,0,1,1,1,2600,14,0,0,4604,0
1481,53210,0,1,1,1,11422,10,0,0,4993,1
1482,9795,0,1,1,1,0,0,0,0,4960,0
1483,16984,0,2,1,1,10334,15,0,0,4884,1
1484,46349,0,4,1,1,33923,20,1100,2,4856,1
1485,118079,0,4,1,1,43298,16,500,1,4867,0
1486,29632,0,1,1,1,0,0,0,0,4898,0
1488,164307,0,3,1,1,21704,14,0,0,4023,0
1489,13490,0,1,1,1,0,0,0,0,4870,0
1490,36296,0,1,1,1,5780,6,0,0,4600,0
1491,190429,6168,1,1,1,27500,11,1500,3,4974,1
1492,120447,0,5,1,1,53804,15,350,1,4840,0
1493,35094,0,1,1,1,4000,11,0,0,4944,1
1494,208804,0,5,1,1,56204,31,500,1,4429,1
1495,30662,0,1,1,1,0,0,0,0,4996,0
1496,157452,0,4,1,1,45312,18,0,0,4471,0
1497,24266,0,1,1,1,2375,12,0,0,4111,0
1498,49991,0,4,1,1,44146,27,2510,4,4803,1
1499,42275,925,1,1,1,4100,6,1600,5,4712,0
1500,59162,0,1,1,1,2520,7,0,0,4726,0
1501,109625,0,5,1,1,63372,19,500,1,5056,1
1502,30486,0,1,1,1,0,0,0,0,5051,0
1503,240904,2288,4,1,1,63385,22,350,1,5045,1
1504,266776,0,1,1,1,8370,30,6520,28,5042,1
1505,20818,0,1,1,1,15214,4,0,0,5036,0
1506,106509,0,1,1,1,1113,7,0,0,5036,0
1507,65982,0,1,1,1,1750,4,750,3,5030,1
1508,9002,0,1,1,1,1586,9,0,0,4933,1
1509,16088,0,3,1,1,17872,15,0,0,4563,1
1510,10079,0,1,1,1,569,8,0,0,4651,0
1511,48863,0,5,1,1,71013,18,1050,3,4925,1
1512,137402,0,1,1,1,950,6,200,3,4685,1
1513,71076,1000,1,1,1,10000,1,0,0,4820,1
1514,20630,0,1,1,1,2045,4,0,0,4643,0
1515,119180,1467,1,1,1,9275,20,1300,6,4657,1
1516,54116,1846,3,1,1,34997,14,0,0,4848,1
1517,36665,0,1,1,1,1625,6,0,0,4747,0
1518,507371,0,4,1,1,51765,18,450,1,4770,1
1519,48721,0,1,1,1,18781,12,300,3,4672,0
1520,391222,0,3,1,1,27471,20,1600,7,4905,1
1521,88668,0,2,1,1,9889,15,100,1,4903,0
1522,46074,0,1,1,1,2193,11,0,0,4419,0
1523,1923,0,1,1,1,1170,2,0,0,4615,0
1524,46030,0,1,1,1,4375,27,0,0,4566,0
1525,31236,0,1,1,1,2250,13,0,0,4523,0
1526,18351,0,1,1,1,0,0,0,0,4744,0
1527,4779,0,1,1,1,600,2,0,0,4926,1
1528,124775,1704,1,1,1,11564,8,700,2,4847,1
1529,66923,0,3,1,1,17139,12,0,0,4875,0
1530,24008,0,1,1,1,540,3,0,0,4901,0
1531,118415,2329,1,1,1,4475,10,100,1,4545,1
1532,2793,0,1,1,1,8000,3,0,0,4588,1
1533,70464,0,1,1,1,4000,4,1000,2,4889,1
1534,71930,0,4,1,1,32774,13,500,1,4300,1
1535,126484,0,1,1,1,5942,13,3192,11,4758,1
1536,39503,0,3,1,1,16671,18,2339,2,4884,1
1537,7291,0,1,1,1,0,0,0,0,4104,0
1538,4838,0,3,1,1,23592,16,500,1,5024,1
1539,73811,0,3,1,1,25394,14,1000,2,5021,1
1540,156219,0,5,1,1,55874,24,0,0,5015,1
1541,114376,0,4,1,1,33949,15,0,0,5009,1
1542,23965,0,1,2,1,7308,16,550,3,5003,0
1543,45766,0,1,1,1,4550,11,1300,7,5002,0
1544,57857,1099,1,1,1,62650,37,12400,29,4996,1
1545,19998,0,1,1,1,4309,13,0,0,4995,1
1546,29506,0,1,1,1,4826,16,500,2,4993,0
1547,6020,1505,1,1,1,0,0,0,0,4986,0
1548,27989,0,3,1,1,25369,16,2729,2,4981,1
1549,21933,0,4,1,1,27166,15,550,1,4974,1
1550,58758,0,1,1,1,6500,38,0,0,4974,0
1551,86069,0,4,1,1,35282,21,0,0,4972,1
1552,8350,0,1,1,1,2125,10,0,0,4967,0
1553,26862,0,3,1,1,15510,15,0,0,4965,1
1554,133853,0,5,1,1,68136,14,0,0,4960,1
1555,72623,0,1,1,1,0,0,0,0,4957,0
1556,36887,0,1,2,1,9048,11,0,0,4951,0
1557,49737,0,5,1,1,60922,22,550,2,4946,1
1558,53869,0,1,1,1,6750,26,0,0,4940,0
1559,5264,0,1,1,1,0,0,0,0,4496,0
1560,132132,6920,3,1,1,20443,18,1310,4,3916,1
1561,319241,0,5,1,1,71867,36,0,0,4692,0
1562,333346,2139,4,1,1,52013,31,4309,12,4469,1
1563,22459,0,1,1,1,104,2,0,0,4215,0
1564,65021,0,2,1,1,10369,12,0,0,3547,0
1565,44205,0,4,1,1,28340,13,0,0,3676,0
1566,18433,0,1,1,1,3174,9,0,0,3930,0
1567,6341,0,1,1,1,3658,12,0,0,3706,0
1568,3641,0,1,1,1,1164,3,0,0,3603,0
1569,39207,0,1,1,1,965,3,0,0,3757,0
1570,63362,0,3,1,1,16331,15,350,1,3544,0
1571,220267,0,1,1,1,8500,4,0,0,4716,1
1572,329,0,3,1,1,23492,14,0,0,4868,1
1573,22424,0,1,1,1,648,2,0,0,3951,0
1574,36805,0,3,1,1,13018,16,0,0,3799,0
1575,63437,0,2,1,1,7160,15,0,0,4595,0
1576,8962,4481,1,1,1,0,0,0,0,4198,0
1577,7922,0,1,1,1,0,0,0,0,4491,0
1578,113731,0,1,1,1,1700,5,700,4,4482,0
1579,12612,0,1,1,1,0,0,0,0,4170,0
1580,45916,0,1,1,1,675,6,500,2,2818,1
1581,51324,0,3,1,1,20533,14,0,0,4408,0
1582,412,0,1,1,1,13000,1,0,0,4761,1
1583,8103,0,1,1,1,2750,15,0,0,4776,1
1584,91237,0,5,1,1,78864,26,0,0,4321,1
1585,17388,0,1,1,1,0,0,0,0,4232,0
1586,52046,0,1,1,1,1058,8,683,7,3456,0
1587,50015,0,3,1,1,20839,16,50,1,4497,0
1588,45340,0,3,1,1,14063,16,500,1,4660,1
1589,200963,0,1,1,1,6164,4,150,1,4782,0
1590,85884,0,2,1,1,7742,9,0,0,4692,0
1591,4236,0,1,1,1,3000,7,0,0,4148,1
1592,55843,0,1,1,1,6000,3,0,0,4341,1
1593,43000,0,1,1,1,1273,4,173,1,4646,0
1594,5573,0,1,1,1,1958,17,0,0,3714,1
1595,2080,0,1,1,1,0,0,0,0,4635,0
1596,43686,0,1,1,1,4039,12,0,0,4328,0
1597,11001,0,1,1,1,255,5,0,0,4315,0
1598,10146,0,3,1,1,26633,12,0,0,4509,1
1599,35062,0,3,1,1,16237,26,0,0,4152,1
1600,11866,0,2,1,1,6139,9,0,0,4667,1
1601,41048,0,1,1,1,1195,3,0,0,4856,0
1602,25004,0,1,1,1,1113,3,0,0,4860,1
1603,194074,1448,1,1,1,12500,6,0,0,4701,1
1604,65952,0,4,1,1,34770,14,0,0,4827,0
1605,265532,0,1,1,1,4652,13,0,0,4849,0
1606,61286,0,1,1,1,1500,5,0,0,4755,0
1607,118177,0,3,1,1,20910,18,402,1,4811,0
1608,183370,0,1,1,1,30988,14,12988,9,4848,1
1609,98608,0,1,1,1,969,12,0,0,4663,0
1610,22529,0,1,1,1,5115,20,3400,16,4865,0
1611,2502,0,1,1,1,15500,4,500,1,4761,1
1612,123430,0,4,1,1,49987,17,0,0,4798,1
1613,36219,0,1,1,1,4044,10,0,0,4595,0
1614,61405,250,2,1,1,32316,20,1350,8,4828,1
1615,3789,0,1,1,1,181,3,0,0,4756,1
1616,16065,0,1,1,1,0,0,0,0,4456,0
1617,404142,0,5,1,1,75509,13,0,0,4784,1
1618,28733,0,1,1,1,0,0,0,0,4650,0
1619,26965,0,2,1,1,7346,13,0,0,4653,0
1620,278437,0,4,1,1,50888,26,0,0,4744,0
1621,5074,0,1,1,1,500,1,0,0,4730,0
1622,43338,0,1,1,1,1000,4,1000,4,4275,0
1623,23551,0,1,1,1,2375,12,0,0,4663,1
1624,32015,0,1,1,1,6000,6,0,0,4574,0
1625,65435,0,1,1,1,1000,2,500,1,4786,0
1626,39079,0,1,1,1,3070,5,0,0,4750,0
1627,108616,0,4,1,1,36476,13,0,0,4644,0
1628,80154,0,4,1,1,47270,14,0,0,4352,0
1629,25563,0,1,1,1,303,8,0,0,3511,1
1630,18007,0,4,1,1,33237,15,0,0,4665,1
1631,51752,0,3,1,1,25962,20,0,0,4631,0
1632,21540,0,1,1,1,1188,9,0,0,4791,0
1633,233057,0,5,1,1,102840,11,0,0,4791,0
1634,196079,0,5,1,1,56890,21,0,0,4791,0
1635,276607,0,1,1,1,11430,14,6430,11,4791,1
1636,20681,0,1,1,1,0,0,0,0,4939,0
1637,155278,0,4,1,1,27200,16,0,0,4926,1
1638,194949,0,1,1,1,10121,13,4621,10,4930,1
1640,307260,783,4,1,1,40533,24,250,1,4791,1
1641,105588,0,2,1,1,22973,3,0,0,4805,0
1642,41366,0,3,1,1,27148,15,0,0,4806,0
1643,59445,0,1,1,1,5500,21,500,2,4843,0
1644,130920,2643,4,1,1,30299,20,1100,6,4793,1
1645,49777,2360,3,1,1,12241,12,0,0,4777,0
1646,58778,0,4,1,1,28325,13,0,0,4919,0
1647,38224,0,1,1,1,2587,10,0,0,4824,0
1648,93700,0,5,1,1,58745,14,0,0,4827,1
1649,533120,0,5,1,1,120983,18,0,0,4827,1
1650,34941,0,3,1,1,23718,16,0,0,4755,0
1651,115197,0,3,1,1,17638,24,0,0,4820,0
1652,31230,0,1,1,1,815,5,815,5,4931,0
1653,98604,0,3,1,1,17490,15,0,0,4919,1
1654,385195,0,1,1,1,0,0,0,0,4903,0
1655,136104,0,4,1,1,68988,51,2069,8,4916,1
1656,23984,0,1,1,1,2737,14,0,0,4905,0
1657,169947,0,4,1,1,48140,21,0,0,4895,0
1658,71264,0,5,1,1,94161,17,1000,2,4903,1
1659,71610,0,3,1,1,20918,14,0,0,4895,0
1660,151152,0,2,1,1,13635,21,1100,1,4895,0
1661,164178,2364,4,1,1,35314,23,1100,3,4883,1
1662,18601,0,1,1,1,100,1,0,0,4888,0
1663,49331,0,3,1,1,23572,12,100,1,4888,0
1664,43326,0,1,1,1,4164,12,0,0,4881,0
1665,12112,0,1,1,1,0,0,0,0,4882,0
1666,98343,0,4,1,1,31961,16,0,0,4971,1
1667,83006,0,4,1,1,45167,13,0,0,4906,1
1668,110980,0,1,1,1,12900,8,950,4,4853,0
1669,78032,0,3,1,1,24046,23,0,0,4862,0
1670,176262,0,3,1,1,12678,8,150,1,4862,0
1671,239576,0,3,1,1,13301,12,0,0,4849,1
1672,642756,0,4,1,1,37889,15,1000,2,4841,0
1673,41370,0,5,1,1,51335,9,0,0,4842,1
1674,92905,0,1,1,1,1766,10,0,0,4827,1
1675,7430,0,1,1,1,10500,5,0,0,4791,1
1676,68390,0,1,1,1,3450,3,950,2,4754,1
1677,18366,0,1,1,1,1100,3,1100,3,4783,1
1678,197673,0,4,1,1,48932,15,0,0,4775,1
1679,11789,0,4,1,1,28756,20,900,2,4775,1
1680,213539,0,1,1,1,2750,15,0,0,4751,0
1681,13310,0,1,1,1,0,0,0,0,4755,0
1682,207395,0,4,1,1,55903,17,500,1,4761,1
1683,25688,2396,1,1,1,3103,10,0,0,4754,1
1684,259582,0,1,1,1,3833,21,1762,9,4638,0
1685,288379,0,1,1,1,15942,8,1442,5,4741,1
1686,3580,0,1,1,1,130,3,0,0,4730,0
1687,84305,0,5,1,1,78931,15,0,0,4734,1
1688,4780,0,1,1,1,0,0,0,0,4733,0
1689,88192,0,4,1,1,47848,22,500,1,4784,1
1690,105665,0,4,1,1,31226,13,0,0,4727,1
1691,24756,0,1,1,1,7720,26,500,2,4723,1
1692,51304,1362,1,1,1,11611,40,10075,36,4708,1
1693,12404,0,1,1,1,1950,7,1200,4,4701,0
1694,80988,0,1,1,1,4413,5,0,0,4707,0
1695,5617,0,1,1,1,4400,4,400,1,4706,1
1696,68023,0,5,1,1,119512,33,500,1,4702,1
1697,108100,0,4,1,1,45113,17,1000,2,4699,0
1698,17470,0,1,1,1,4100,9,2500,5,4691,0
1699,138332,0,5,1,1,67836,17,0,0,4692,1
1700,4087,0,1,1,1,500,4,0,0,4684,0
1701,40264,0,1,1,1,19137,13,0,0,4684,0
1702,13290,0,1,1,1,3175,5,0,0,4679,1
1703,130761,0,4,1,1,52423,15,0,0,4674,1
1704,14371,0,4,1,1,28723,13,0,0,4671,1
1705,25322,0,3,1,1,23821,16,0,0,4673,1
1706,55356,0,3,1,1,23871,15,0,0,4660,0
1707,134501,0,5,1,1,59855,32,1193,2,4663,1
1708,63311,0,4,1,1,29318,11,0,0,4667,0
1709,90307,0,1,1,1,3150,3,650,2,4664,1
1710,2198,0,1,1,1,16070,12,0,0,4658,1
1711,43749,5583,1,1,1,9557,5,0,0,4664,0
1712,7730,0,1,1,1,375,3,0,0,4659,0
1713,16171,0,1,1,1,2875,16,0,0,4656,0
1714,192108,1000,1,1,1,10200,3,200,2,4656,1
1715,35895,0,3,1,1,15720,11,0,0,4649,1
1716,46578,0,2,1,1,8322,12,0,0,4645,1
1717,54309,0,1,1,1,6772,7,250,1,4698,0
1718,45613,0,4,1,1,29117,16,350,1,4625,1
1719,297127,0,3,1,1,27415,16,0,0,4631,1
1720,93148,0,2,1,1,7776,18,0,0,4631,0
1721,27905,0,1,1,1,3794,11,0,0,4628,0
1722,139983,0,3,1,1,17289,24,100,2,4629,1
1723,188703,0,5,1,1,62973,53,500,1,4625,0
1724,19479,0,1,1,1,2250,4,0,0,4625,0
1725,63635,0,1,1,1,5175,31,50,1,4622,0
1726,77203,0,5,1,1,66817,16,0,0,4646,1
1727,19020,0,1,1,1,330,3,0,0,4614,0
1728,61172,0,2,1,1,6875,10,0,0,4609,0
1729,7342,0,1,1,1,0,0,0,0,4604,0
1730,62076,0,2,1,1,11221,15,1050,2,4603,0
1731,13046,0,1,1,1,0,0,0,0,4597,1
1732,11527,0,3,1,1,16874,27,3880,6,4583,1
1733,77814,0,4,1,1,43914,17,0,0,4587,1
1734,75303,0,5,1,1,74990,15,0,0,4598,1
1735,7545,0,1,1,1,616,6,0,0,4587,0
1736,26972,0,1,1,1,0,0,0,0,4587,0
1737,184805,0,4,1,1,52755,22,0,0,4726,1
1738,93971,0,5,1,1,62023,22,450,3,4580,1
1739,66328,0,4,1,1,40522,14,0,0,4575,0
1740,51745,0,4,1,1,41377,14,0,0,4606,0
1741,64341,0,5,1,1,63621,13,0,0,4568,1
1742,49708,0,1,1,1,0,0,0,0,4560,0
1743,46926,0,4,1,1,27889,15,0,0,4554,1
1744,199418,1000,3,1,1,25590,39,3199,9,4548,1
1745,9126,0,1,1,1,1202,13,350,1,4554,0
1746,95109,0,4,1,1,26149,8,0,0,4593,0
1747,65706,0,3,1,1,21958,17,0,0,4534,0
1748,9862,0,1,1,1,31280,15,0,0,4545,1
1749,253349,0,5,1,1,68947,18,1000,2,4545,1
1750,25541,0,1,1,1,660,3,0,0,4520,0
1751,5580,0,1,1,1,60,2,0,0,4533,0
1752,37514,0,4,1,1,35874,31,500,1,4537,1
1753,67083,0,1,1,1,4600,4,500,1,4532,0
1754,92646,0,4,1,1,27177,16,0,0,4523,0
1755,21110,0,1,1,1,3402,12,0,0,4516,0
1756,102570,0,5,1,1,70503,20,0,0,4524,1
1757,15876,0,1,1,1,0,0,0,0,4512,0
1758,8957,0,1,1,1,0,0,0,0,4509,0
1759,5375,0,1,1,1,2000,9,0,0,4509,0
1760,109114,0,4,1,1,31956,27,0,0,4512,1
1761,23432,0,1,1,1,1162,10,0,0,4510,0
1762,111384,0,4,1,1,26669,14,0,0,4505,0
1763,69880,0,1,1,1,4635,5,0,0,4552,0
1764,11289,0,1,1,1,1500,5,0,0,4492,0
1765,119676,500,1,1,1,550,4,550,4,4485,0
1766,21847,0,1,1,1,929,4,903,3,4491,1
1767,40808,0,4,1,1,38612,27,400,2,4490,1
1768,47509,0,1,1,1,21210,10,1000,2,4490,0
1769,20248,0,3,1,1,18507,37,1700,5,4488,0
1770,3441,0,1,1,1,1643,6,0,0,4484,0
1771,35216,0,1,1,1,9959,14,0,0,4481,0
1772,63036,0,2,1,1,9006,14,0,0,4475,0
1773,20844,0,1,1,1,20844,10,0,0,4474,0
1774,42420,0,1,1,1,1000,1,0,0,4461,0
1775,36254,0,1,1,1,7232,7,0,0,4453,0
1776,22412,0,3,1,1,11654,12,0,0,4460,1
1777,11512,0,1,1,1,3667,14,0,0,4460,0
1778,1703,0,1,1,1,1230,4,0,0,4390,0
1779,51471,0,3,1,1,15505,32,412,1,4450,1
1780,70518,0,1,1,1,2000,3,1000,2,4450,0
1781,431824,0,3,1,1,30480,16,500,1,4443,1
1782,25577,0,4,1,1,33420,18,0,0,4432,1
1783,17111,0,3,1,1,13577,10,0,0,4434,1
1784,99336,0,3,1,1,14195,14,500,1,4453,0
1785,67612,0,1,1,1,0,0,0,0,4442,0
1786,38918,0,1,1,1,6505,29,618,2,4442,0
1787,72812,0,3,1,1,16930,17,50,1,4442,0
1788,134937,0,1,1,1,500,1,0,0,4427,1
1789,121688,0,4,1,1,31631,15,0,0,4420,0
1790,162410,0,3,1,1,20203,17,0,0,4420,0
1791,59821,500,1,1,1,4200,4,200,2,4419,1
1792,96053,0,1,1,1,2200,6,2200,6,4391,0
1793,171946,0,3,1,1,19198,28,0,0,4397,0
1794,15737,0,1,1,1,220,3,0,0,4404,0
1795,77814,0,3,1,1,14786,11,0,0,4394,0
1796,53768,0,1,1,1,4798,16,450,1,4387,0
1797,245731,0,4,1,1,34322,35,0,0,4385,0
1798,87366,0,3,1,1,18012,16,0,0,4380,0
1799,56461,0,4,1,1,40190,14,0,0,4359,1
1800,46855,0,2,1,1,8845,17,0,0,4379,1
1801,53027,0,1,1,1,0,0,0,0,4585,0
1802,96610,0,5,1,1,66298,22,0,0,4362,0
1803,61450,0,2,1,1,7927,10,0,0,4383,0
1804,18538,0,1,1,1,2200,3,0,0,4344,0
1806,28319,0,3,1,1,18449,13,0,0,4392,1
1807,107360,0,3,1,1,15641,15,0,0,4423,0
1808,32510,0,1,3,1,14568,13,0,0,4341,0
1809,9753,0,1,1,1,1235,3,0,0,4343,0
1810,13033,0,1,1,1,1625,6,0,0,4334,0
1811,17609,0,1,1,1,803,5,803,5,4317,1
1812,104052,0,2,1,1,6016,12,0,0,4331,0
1813,13878,0,1,1,1,0,0,0,0,4317,0
1814,7254,0,1,1,1,0,0,0,0,4323,0
1815,12560,0,1,1,1,1282,6,1282,6,4324,1
1816,94938,0,3,1,1,12999,21,0,0,4310,0
1817,86143,0,3,1,1,29652,11,500,1,4317,1
1818,138512,0,4,1,1,30130,15,50,1,4313,1
1819,66875,0,1,1,1,3206,17,0,0,4308,1
1820,96026,0,3,1,1,25670,19,0,0,4310,0
1821,31572,0,1,1,1,0,0,0,0,4299,0
1822,11834,0,1,1,1,0,0,0,0,4306,1
1823,23552,0,4,1,1,36165,11,0,0,4300,1
1824,66052,0,1,1,1,8380,8,0,0,4301,0
1825,55639,0,1,1,1,2750,15,0,0,4299,1
1826,68226,0,1,1,1,3147,8,200,2,4299,0
1827,37953,0,5,1,1,62571,28,0,0,4282,1
1828,17810,0,1,1,1,1375,4,0,0,4294,0
1829,21915,0,1,1,1,7000,33,0,0,4289,0
1830,32563,0,1,1,1,4200,3,200,1,4282,0
1831,49479,0,1,1,1,5500,24,100,1,4282,0
1832,23854,0,3,1,1,22498,18,250,3,4274,1
1833,60049,0,1,1,1,0,0,0,0,4278,1
1834,75112,0,4,1,1,35532,14,500,1,4271,0
1835,19787,0,1,1,1,2016,9,500,1,4258,0
1836,30664,0,3,1,1,21242,22,700,5,4268,0
1837,91716,0,1,1,1,6978,12,0,0,4267,0
1838,219174,0,1,1,1,4500,5,2000,4,4265,0
1839,16495,0,1,1,1,18779,11,0,0,4261,1
1840,25963,0,2,1,1,8183,25,0,0,4244,0
1841,1701,0,1,1,1,10,1,0,0,4260,1
1842,73852,0,1,1,1,0,0,0,0,4252,0
1843,12791,0,1,1,1,0,0,0,0,4246,0
1844,39020,0,1,1,1,1295,4,0,0,4246,0
1845,1076,0,3,1,1,11379,8,0,0,4233,1
1846,34443,1440,1,1,1,2125,10,0,0,4233,0
1847,4735,0,1,1,1,275,2,0,0,4257,0
1848,41279,967,1,1,1,3664,4,3164,3,4233,0
1849,4708,0,1,1,1,1000,1,0,0,4232,0
1850,63090,0,1,1,1,12059,20,350,3,4231,1
1851,156544,0,4,1,1,46593,13,0,0,4225,0
1852,12239,0,1,1,1,2912,5,0,0,4226,0
1853,101464,0,3,1,1,14610,13,0,0,4223,0
1854,55147,0,4,1,1,29219,13,0,0,4225,0
1855,59424,0,4,1,1,36600,23,1000,3,4211,0
1856,52084,0,1,1,1,4836,7,0,0,4222,0
1857,368535,0,5,1,1,146201,21,2600,6,4210,1
1858,116288,0,5,1,1,65073,18,0,0,4209,0
1859,114508,0,4,1,1,29960,22,1250,8,4226,1
1860,456509,0,1,1,1,500,1,500,1,4201,0
1861,19634,0,1,1,1,0,0,0,0,4198,0
1862,56258,0,4,1,1,38591,23,500,1,4197,1
1863,102373,0,4,1,1,67212,33,6600,14,4190,1
1864,20426,0,1,1,1,3993,7,3493,6,4194,0
1865,13034,0,5,1,1,60000,6,0,0,4169,1
1866,22455,0,4,1,1,38814,17,0,0,4175,1
1867,11604,0,1,1,1,95,2,0,0,4177,0
1868,72510,0,4,1,1,31469,12,0,0,4169,1
1869,33383,0,1,1,1,0,0,0,0,4163,0
1870,181200,0,1,1,1,7514,21,0,0,4159,0
1871,17500,0,1,1,1,17500,2,0,0,4167,0
1872,22751,0,1,1,1,4500,9,4500,9,4166,0
1873,12465,0,1,1,1,380,3,0,0,4162,0
1874,6316,0,1,1,1,0,0,0,0,4149,0
1875,66860,0,3,1,1,12667,20,980,5,4155,1
1876,975,0,1,1,1,350,3,0,0,4519,0
1877,197973,0,5,1,1,72345,14,1029,2,4155,1
1878,50909,0,3,1,1,14830,18,0,0,4135,1
1879,79500,0,3,1,1,21489,15,0,0,4146,0
1880,15875,0,3,1,1,24918,12,0,0,4141,1
1881,159109,0,4,1,1,19554,24,1557,6,4138,1
1882,12906,0,1,1,1,0,0,0,0,4124,0
1883,14155,0,1,1,1,3250,19,0,0,4134,0
1884,576,0,3,1,1,12082,14,0,0,4128,1
1885,48896,0,1,1,1,4081,12,3397,10,4139,1
1886,27669,0,1,1,1,3375,20,0,0,4127,0
1887,21708,0,3,1,1,12811,13,0,0,4100,0
1888,10643,0,4,1,1,40585,14,850,2,4107,1
1889,264685,0,5,1,1,57505,16,0,0,4112,0
1890,35433,0,1,1,1,1600,3,0,0,4113,0
1891,162369,0,4,1,1,41359,15,500,1,4113,1
1892,6206,0,1,1,1,375,3,0,0,4107,0
1893,226941,1000,4,1,1,44771,17,0,0,4099,0
1894,94544,0,5,1,1,111827,8,350,1,4105,1
1895,128302,0,5,1,4,132263,32,400,2,4103,1
1896,3664,0,1,1,1,0,0,0,0,4089,0
1897,56017,0,1,1,1,3905,6,1668,1,4086,0
1898,40835,0,4,1,1,50602,39,2250,10,4090,1
1899,24496,0,1,1,1,4000,3,500,1,4086,1
1900,36033,0,3,1,1,36033,13,0,0,4079,0
1901,12766,0,1,1,1,1900,4,400,2,4072,0
1902,147596,0,1,1,1,19175,19,16675,18,4076,1
1903,16489,0,1,1,1,4851,27,0,0,4064,0
1904,84516,0,3,1,1,22713,15,0,0,4063,0
1905,74147,0,2,1,1,8315,16,50,1,4064,0
1906,24887,0,1,1,1,0,0,0,0,4047,0
1907,56954,0,3,1,1,29409,32,0,0,4051,0
1908,8647,0,1,1,1,0,0,0,0,4036,0
1909,37114,0,1,1,1,21623,12,0,0,4040,1
1910,50715,0,4,1,1,39211,13,0,0,4051,1
1911,149305,0,4,1,1,49893,19,0,0,4030,0
1912,225665,0,1,1,1,4288,15,500,1,4048,0
1913,20534,0,1,1,1,589,7,0,0,4021,0
1914,3962,0,1,1,1,292,8,0,0,4027,0
1915,5112,0,1,1,1,0,0,0,0,4020,0
1916,67358,0,5,1,1,67027,34,500,1,4379,1
1917,11925,0,1,1,1,400,4,400,4,4015,0
1918,30300,0,1,1,1,2160,7,0,0,4002,0
1919,39139,0,1,1,1,710,4,0,0,3967,0
1920,52440,0,1,1,1,500,1,0,0,4026,0
1921,23329,0,1,1,1,6326,3,0,0,4008,0
1922,10679,0,2,1,1,13363,12,0,0,4001,1
1923,53487,0,1,1,1,0,0,0,0,3991,0
1924,355423,5009,3,1,1,20500,20,100,1,3963,1
1925,9052,0,1,1,1,280,2,0,0,3987,0
1926,129972,0,3,1,1,15081,18,500,1,3986,0
1927,283670,0,4,1,1,39260,39,200,1,3972,0
1928,189054,0,1,1,1,17900,25,7400,23,3985,1
1929,150312,0,1,1,1,1000,1,0,0,3967,0
1930,33517,0,1,1,1,1250,2,250,1,3978,1
1931,97750,0,3,1,1,12616,16,600,2,4074,0
1932,59035,0,1,1,1,245,4,0,0,3960,0
1933,132335,0,4,1,1,30273,14,0,0,3974,0
1934,82981,0,5,1,3,105325,44,1000,2,3964,1
1935,52139,0,1,3,1,16314,14,250,1,3965,0
1936,123313,0,4,1,1,31595,15,0,0,3959,0
1937,131755,909,4,1,1,37299,16,0,0,3952,1
1938,46440,0,1,1,1,5582,24,0,0,3952,1
1939,58970,0,3,1,1,13467,18,0,0,3946,1
1940,152367,0,4,1,1,43406,24,700,3,3938,1
1941,80534,0,3,1,1,20715,17,0,0,3949,1
1942,12184,0,1,1,1,1160,3,0,0,3939,0
1943,10355,0,2,1,1,6510,10,0,0,3918,0
1944,39947,0,1,1,1,1750,7,0,0,3922,0
1945,3082,0,1,1,1,0,0,0,0,3923,0
1946,37563,0,2,1,1,8142,14,0,0,3925,0
1947,145868,0,5,1,1,61068,18,10042,4,3925,1
1948,14231,0,1,1,1,4950,24,1700,5,3917,0
1949,87282,0,3,1,1,13480,10,0,0,3911,0
1950,11355,0,1,1,1,135,3,0,0,3916,0
1951,197239,0,4,1,1,53412,25,250,2,3914,1
1952,50586,0,1,1,1,0,0,0,0,3902,0
1953,54388,0,4,1,1,27516,14,0,0,3903,1
1954,30546,0,3,1,1,11304,14,0,0,3900,0
1955,24407,0,1,1,1,923,10,0,0,3910,0
1956,640169,0,5,1,1,82561,36,400,2,3895,1
1957,56213,0,1,1,1,3207,14,350,1,3900,0
1958,21944,0,4,1,1,29461,13,0,0,3900,1
1959,76552,0,5,1,1,150010,36,0,0,3894,1
1960,37244,0,4,1,1,38220,18,0,0,3890,1
1961,38439,0,1,1,1,3318,13,0,0,3886,0
1962,32160,0,1,1,1,1130,6,250,1,3883,0
1963,126873,0,4,1,5,95598,32,500,1,3880,1
1964,8000,0,1,1,1,2250,11,0,0,3879,0
1965,194906,0,3,1,1,23780,14,200,1,3880,0
1966,85751,0,4,1,1,26842,14,0,0,3711,0
1967,15676,0,1,1,1,0,0,0,0,3178,0
1968,55064,0,2,1,1,8041,13,0,0,3329,1
1969,40675,0,1,1,1,1413,9,0,0,2895,0
1970,7843,0,1,1,1,600,2,600,2,3557,0
1971,56896,0,4,1,1,34019,15,0,0,3696,0
1972,91935,0,3,1,1,17550,18,0,0,4216,1
1973,50496,0,3,1,1,13287,26,0,0,4610,1
1974,19896,2395,2,1,1,9866,11,0,0,4602,0
1975,156853,0,4,1,1,37625,14,0,0,4510,1
1976,65533,0,2,1,1,7595,10,0,0,4544,0
1977,223670,0,1,1,1,32709,13,2227,4,4230,1
1978,91813,0,1,1,1,8690,11,2000,4,3911,1
1979,12207,0,1,1,1,0,0,0,0,4565,0
1980,26421,0,1,1,1,1250,3,0,0,4593,0
1981,16176,0,1,1,1,0,0,0,0,4170,0
1982,44754,0,1,1,1,0,0,0,0,3648,1
1983,23827,0,1,1,1,8125,37,1000,2,4616,1
1984,93743,0,1,1,1,1210,7,650,5,4676,0
1985,4787,0,1,1,1,3125,8,500,1,4734,1
1986,179472,0,3,1,1,11289,15,0,0,4708,0
1987,73639,0,1,1,1,4709,10,2709,9,4341,0
1988,76077,0,1,1,1,500,4,0,0,4616,0
1989,66456,0,1,1,1,3500,4,1000,2,4679,0
1990,14273,0,1,1,1,0,0,0,0,4341,0
1991,134346,0,5,1,1,100210,18,0,0,4485,1
1992,37693,0,3,1,1,30546,7,0,0,4671,1
1993,11961,0,1,2,1,11961,10,0,0,4646,0
1994,63311,0,5,1,1,90181,34,950,6,4604,1
1995,20678,0,1,1,1,2155,8,0,0,3862,0
1996,5316,0,1,1,1,1134,4,0,0,4610,0
1997,86511,0,1,1,1,5000,6,2000,4,4625,1
1998,133831,0,1,1,1,100,1,100,1,4588,0
1999,30306,0,1,1,1,2500,1,0,0,4309,0
2000,95925,0,1,1,1,7337,22,350,2,4625,0
2001,35080,3867,1,1,1,0,0,0,0,4562,0
2002,14304,0,1,1,1,0,0,0,0,4600,0
2003,115385,0,1,1,1,5890,15,1250,7,4546,0
2004,66411,1000,4,1,1,34826,19,3001,9,4211,1
2005,6978,0,1,1,1,610,3,0,0,4349,0
2006,39909,0,1,1,1,2682,14,0,0,4470,0
2007,8767,0,1,1,1,6589,8,3892,6,4394,0
2008,25544,0,1,1,1,3271,7,0,0,4580,1
2009,166417,0,4,1,1,28607,11,0,0,4357,0
2010,69555,0,3,1,1,21957,16,250,1,4390,0
2011,2344,0,1,1,1,1478,10,0,0,4481,0
2012,8780,0,1,1,1,2750,15,0,0,4237,0
2013,111064,0,1,1,1,12700,7,2700,6,4547,0
2014,44654,0,4,1,1,48874,16,0,0,4530,1
